"TIPO (ATO LEGAL ORIGINAL DO TT)";"EMISSOR (ATO LEGAL ORIGINAL DO TT)";"NRO (ATO LEGAL ORIGINAL DO TT)";"ANO (ATO LEGAL ORIGINAL DO TT)";"PAÍSES APLICAR";"GRUPO PAÍSES APLICAR";"PAÍSES EXCETUAR";"GRUPO PAÍSES EXCETUAR";"UF APLICAR";"MUNICÍPIO APLICAR";"NOMENCLATURA";"CÓDIGOS APLICAR";"CÓDIGOS EXCETUAR";"NOME DE APRESENTAÇÃO DO ATRIBUTO AT1";"VALOR ATRIBUTO AT1";"DESCRIÇÃO VALOR ATRIBUTO AT1";"FAIXA VALOR INICIAL AT1";"FAIXA VALOR FINAL AT1";"INÍCIO VIGÊNCIA TRIBUTAÇÃO";"FINAL VIGÊNCIA TRIBUTAÇÃO";"ALÍQUOTA AD VALOREM";"OBSERVAÇÕES PARA O PÚBLICO EXTERNO"
"RES";"CAMEX";"272";"2021";"Todos";"";"";"";"Todas";"Todos";"NCM";"38089191";"";"EX LETEC";"XXXX";"Não se enquadra em outra opção";"";"";"01/01/2024";"31/12/2028";"";""
"RES";"CAMEX";"272";"2021";"Todos";"";"";"";"Todas";"Todos";"NCM";"38089199";"";"";"";"";"";"";"01/04/2022";"31/12/2028";"0";""
"RES";"CAMEX";"272";"2021";"Todos";"";"";"";"Todas";"Todos";"NCM";"38089329";"";"";"";"";"";"";"01/04/2022";"31/12/2028";"0";""
"RES";"CAMEX";"272";"2021";"Todos";"";"";"";"Todas";"Todos";"NCM";"38210000";"";"";"";"";"";"";"01/04/2022";"31/12/2028";"0";""
"RES";"CAMEX";"272";"2021";"Todos";"";"";"";"Todas";"Todos";"NCM";"38221200";"";"";"";"";"";"";"01/04/2022";"31/12/2028";"0";""
"RES";"CAMEX";"272";"2021";"Todos";"";"";"";"Todas";"Todos";"NCM";"39033020";"";"";"";"";"";"";"01/04/2022";"31/12/2028";"0";""
"RES";"CAMEX";"272";"2021";"Todos";"";"";"";"Todas";"Todos";"NCM";"31054000";"";"";"";"";"";"";"01/04/2022";"31/12/2028";"0";""
"RES";"CAMEX";"272";"2021";"Todos";"";"";"";"Todas";"Todos";"NCM";"35011000";"";"EX LETEC";"0001";"Caseína de coalho (paracaseína)
- OBSERVAR O ANEXO V DA RES CAMEX 272/2021, CRIADO PELA RES CAMEX 318/2022.";"";"";"01/04/2022";"31/12/2028";"0";""
"RES";"CAMEX";"272";"2021";"Todos";"";"";"";"Todas";"Todos";"NCM";"90213110";"";"";"";"";"";"";"01/04/2022";"31/12/2028";"4";""
"RES";"CAMEX";"272";"2021";"Todos";"";"";"";"Todas";"Todos";"NCM";"95045000";"";"EX LETEC";"0002";"Máquinas de jogos de vídeo com tela incorporada, portáteis ou não, e suas partes";"";"";"01/07/2022";"31/12/2028";"0";""
"RES";"CAMEX";"272";"2021";"Todos";"";"";"";"Todas";"Todos";"NCM";"30043999";"";"EX LETEC";"0004";"Acetato de abiraterona
- OBSERVAR O ANEXO V DA RES CAMEX 272/2021, CRIADO PELA RES CAMEX 318/2022.";"";"";"01/04/2022";"31/12/2028";"4";""
"RES";"CAMEX";"272";"2021";"Todos";"";"";"";"Todas";"Todos";"NCM";"38229000";"";"";"";"";"";"";"01/04/2022";"31/12/2028";"0";""
"RES";"CAMEX";"272";"2021";"Todos";"";"";"";"Todas";"Todos";"NCM";"39032000";"";"";"";"";"";"";"01/04/2022";"31/12/2028";"0";""
"RES";"CAMEX";"272";"2021";"Todos";"";"";"";"Todas";"Todos";"NCM";"30049079";"";"EX LETEC";"0023";"Contendo boceprevir
- OBSERVAR O ANEXO V DA RES CAMEX 272/2021, CRIADO PELA RES CAMEX 318/2022.";"";"";"01/04/2022";"31/12/2028";"0";""
"RES";"CAMEX";"272";"2021";"Todos";"";"";"";"Todas";"Todos";"NCM";"30049079";"";"EX LETEC";"0046";"Contendo abrocitinibe
- OBSERVAR O ANEXO V DA RES CAMEX 272/2021, CRIADO PELA RES CAMEX 318/2022.";"";"";"01/04/2022";"31/12/2028";"0";""
"RES";"CAMEX";"272";"2021";"Todos";"";"";"";"Todas";"Todos";"NCM";"30049078";"";"EX LETEC";"9999";"Não se enquadra em nenhuma das operações anteriores";"";"";"01/04/2022";"31/12/2028";"14";""
"RES";"CAMEX";"272";"2021";"Todos";"";"";"";"Todas";"Todos";"NCM";"30049078";"";"EX LETEC";"0001";"Amprenavir; aprepitanto; delavirdina ou seu mesilato; efavirenz; emtricitabina; etopósido; everolimus; fosamprenavir cálcico; fosfato de fludarabina; gencitabina ou seu cloridrato; raltitrexida; sirolimus; tenipósido- medicamento
- OBSERVAR O ANEXO V DA RES CAMEX 272/2021, CRIADO PELA RES CAMEX 318/2022.";"";"";"01/04/2022";"31/12/2028";"0";""
"RES";"CAMEX";"272";"2021";"Todos";"";"";"";"Todas";"Todos";"NCM";"30049079";"";"EX LETEC";"0021";"Contendo adefovir - medicamento
- OBSERVAR O ANEXO V DA RES CAMEX 272/2021, CRIADO PELA RES CAMEX 318/2022.";"";"";"01/04/2022";"31/12/2028";"0";""
"RES";"CAMEX";"272";"2021";"Todos";"";"";"";"Todas";"Todos";"NCM";"31055900";"";"";"";"";"";"";"01/04/2022";"31/12/2028";"0";""
"RES";"CAMEX";"272";"2021";"Todos";"";"";"";"Todas";"Todos";"NCM";"38089191";"";"EX LETEC";"0002";"À base de Bacillus thuringiensis, var. Aizawai - inseticida
- OBSERVAR O ANEXO V DA RES CAMEX 272/2021, CRIADO PELA RES CAMEX 318/2022.";"";"";"01/04/2022";"31/12/2028";"0";""
"RES";"CAMEX";"272";"2021";"Todos";"";"";"";"Todas";"Todos";"NCM";"85076000";"";"EX LETEC";"0001";"Células de íons de lítio para acumuladores elétricos.
- OBSERVAR O ANEXO V DA RES CAMEX 272/2021, CRIADO PELA RES CAMEX 318/2022.";"";"";"01/04/2022";"31/12/2028";"0";""
"RES";"CAMEX";"272";"2021";"Todos";"";"";"";"Todas";"Todos";"NCM";"30049079";"";"EX LETEC";"0022";"Contendo entecavir - medicamento
- OBSERVAR O ANEXO V DA RES CAMEX 272/2021, CRIADO PELA RES CAMEX 318/2022.";"";"";"01/04/2022";"31/12/2028";"0";""
"RES";"CAMEX";"272";"2021";"Todos";"";"";"";"Todas";"Todos";"NCM";"30049079";"";"EX LETEC";"0024";"Cloridrato de Pazopanibe
- OBSERVAR O ANEXO V DA RES CAMEX 272/2021, CRIADO PELA RES CAMEX 318/2022.";"";"";"01/04/2022";"31/12/2028";"0";""
"RES";"CAMEX";"272";"2021";"Todos";"";"";"";"Todas";"Todos";"NCM";"30049079";"";"EX LETEC";"0025";"Darunavir
- OBSERVAR O ANEXO V DA RES CAMEX 272/2021, CRIADO PELA RES CAMEX 318/2022.";"";"";"01/04/2022";"31/12/2028";"0";""
"RES";"CAMEX";"272";"2021";"Todos";"";"";"";"Todas";"Todos";"NCM";"30049079";"";"EX LETEC";"0026";"Nusinersena
- OBSERVAR O ANEXO V DA RES CAMEX 272/2021, CRIADO PELA RES CAMEX 318/2022.";"";"";"01/04/2022";"31/12/2028";"0";""
"RES";"CAMEX";"272";"2021";"Todos";"";"";"";"Todas";"Todos";"NCM";"30049079";"";"EX LETEC";"0042";"Venetoclax
- OBSERVAR O ANEXO V DA RES CAMEX 272/2021, CRIADO PELA RES CAMEX 318/2022.";"";"";"01/04/2022";"31/12/2028";"0";""
"RES";"CAMEX";"272";"2021";"Todos";"";"";"";"Todas";"Todos";"NCM";"30049079";"";"EX LETEC";"0045";"Contendo alpelisibe
- OBSERVAR O ANEXO V DA RES CAMEX 272/2021, CRIADO PELA RES CAMEX 318/2022.";"";"";"01/04/2022";"31/12/2028";"0";""
"RES";"CAMEX";"272";"2021";"Todos";"";"";"";"Todas";"Todos";"NCM";"30049079";"";"EX LETEC";"0047";"Contendo carfilzomibe
- OBSERVAR O ANEXO V DA RES CAMEX 272/2021, CRIADO PELA RES CAMEX 318/2022.";"";"";"01/04/2022";"31/12/2028";"0";""
"RES";"CAMEX";"272";"2021";"Todos";"";"";"";"Todas";"Todos";"NCM";"90213190";"";"EX LETEC";"9999";"Não se enquadra em nenhuma das operações anteriores";"";"";"01/04/2022";"31/12/2028";"4";""
"RES";"CAMEX";"272";"2021";"Todos";"";"";"";"Todas";"Todos";"NCM";"90213190";"";"EX LETEC";"0003";"Prótese endoesquelética transfemural em alumínio ou aço
- OBSERVAR O ANEXO V DA RES CAMEX 272/2021, CRIADO PELA RES CAMEX 318/2022.";"";"";"01/04/2022";"31/12/2028";"0";""
"RES";"CAMEX";"272";"2021";"Todos";"";"";"";"Todas";"Todos";"NCM";"96190000";"";"";"";"";"";"";"01/04/2022";"31/12/2028";"10";""
"RES";"CAMEX";"272";"2021";"Todos";"";"";"";"Todas";"Todos";"NCM";"31021010";"";"";"";"";"";"";"01/04/2022";"31/12/2028";"0";""
"RES";"CAMEX";"272";"2021";"Todos";"";"";"";"Todas";"Todos";"NCM";"31031100";"";"EX LETEC";"0001";"Que contenham, em peso, 45% ou mais de pentóxido de difósforo (P2O5)
- OBSERVAR O ANEXO V DA RES CAMEX 272/2021, CRIADO PELA RES CAMEX 318/2022.";"";"";"01/04/2022";"31/12/2028";"0";""
"RES";"CAMEX";"272";"2021";"Todos";"";"";"";"Todas";"Todos";"NCM";"31031100";"";"EX LETEC";"XXXX";"Não se enquadra em outra opção";"";"";"01/01/2024";"31/12/2028";"";""
"RES";"CAMEX";"272";"2021";"Todos";"";"";"";"Todas";"Todos";"NCM";"31031900";"";"EX LETEC";"0001";"Que contenham, em peso, 22% ou menos do pentóxido de difósforo (P2O5)
- OBSERVAR O ANEXO V DA RES CAMEX 272/2021, CRIADO PELA RES CAMEX 318/2022.";"";"";"01/04/2022";"31/12/2028";"0";""
"RES";"CAMEX";"272";"2021";"Todos";"";"";"";"Todas";"Todos";"NCM";"31031900";"";"EX LETEC";"XXXX";"Não se enquadra em outra opção";"";"";"01/01/2024";"31/12/2028";"";""
"RES";"CAMEX";"272";"2021";"Todos";"";"";"";"Todas";"Todos";"NCM";"31052000";"";"";"";"";"";"";"01/04/2022";"31/12/2028";"0";""
"RES";"CAMEX";"272";"2021";"Todos";"";"";"";"Todas";"Todos";"NCM";"31053000";"";"";"";"";"";"";"01/04/2022";"31/12/2028";"0";""
"RES";"CAMEX";"272";"2021";"Todos";"";"";"";"Todas";"Todos";"NCM";"32061110";"";"";"";"";"";"";"01/04/2022";"31/12/2028";"8";""
"RES";"CAMEX";"272";"2021";"Todos";"";"";"";"Todas";"Todos";"NCM";"38086990";"";"";"";"";"";"";"01/04/2022";"31/12/2028";"0";""
"RES";"CAMEX";"272";"2021";"Todos";"";"";"";"Todas";"Todos";"NCM";"38089191";"";"EX LETEC";"0001";"À base de Bacillus thuringiensis, var. Kustaki - inseticida
- OBSERVAR O ANEXO V DA RES CAMEX 272/2021, CRIADO PELA RES CAMEX 318/2022.";"";"";"01/04/2022";"31/12/2028";"0";""
"RES";"CAMEX";"272";"2021";"Todos";"";"";"";"Todas";"Todos";"NCM";"38089191";"";"EX LETEC";"0003";"À base de Bacillus thuringiensis, var. Israelensis
- OBSERVAR O ANEXO V DA RES CAMEX 272/2021, CRIADO PELA RES CAMEX 318/2022.";"";"";"01/04/2022";"31/12/2028";"0";""
"RES";"CAMEX";"272";"2021";"Todos";"";"";"";"Todas";"Todos";"NCM";"87120010";"";"";"";"";"";"";"01/04/2022";"31/12/2028";"31,5";""
"RES";"CAMEX";"272";"2021";"Todos";"";"";"";"Todas";"Todos";"NCM";"88010000";"";"";"";"";"";"";"01/04/2022";"31/12/2028";"0";""
"RES";"CAMEX";"272";"2021";"Todos";"";"";"";"Todas";"Todos";"NCM";"90183921";"";"";"";"";"";"";"01/04/2022";"31/12/2028";"0";""
"RES";"CAMEX";"272";"2021";"Todos";"";"";"";"Todas";"Todos";"NCM";"60019200";"";"EX LETEC";"0001";"Veludos em tecido de malha por urdidura, que contenham, em peso, 100% de fios de multifilamentos contínuos de poliéster, de peso igual ou superior a 150 g/m², com felpa igual ou superior a 3 mm em ambos os lados
- OBSERVAR O ANEXO V DA RES CAMEX 272/2021, CRIADO PELA RES CAMEX 318/2022.";"";"";"01/04/2022";"31/12/2028";"0";""
"RES";"CAMEX";"272";"2021";"Todos";"";"";"";"Todas";"Todos";"NCM";"60019200";"";"EX LETEC";"XXXX";"Não se enquadra em outra opção";"";"";"01/04/2022";"31/12/2028";"";""
"RES";"CAMEX";"272";"2021";"Todos";"";"";"";"Todas";"Todos";"NCM";"85076000";"";"EX LETEC";"XXXX";"Não se enquadra em outra opção";"";"";"01/04/2022";"31/12/2028";"";""
"RES";"CAMEX";"272";"2021";"Todos";"";"";"";"Todas";"Todos";"NCM";"85322200";"";"";"";"";"";"";"01/04/2022";"31/12/2028";"4";""
"RES";"CAMEX";"272";"2021";"Todos";"";"";"";"Todas";"Todos";"NCM";"85362000";"";"";"";"";"";"";"01/04/2022";"31/12/2028";"8";""
"RES";"CAMEX";"272";"2021";"Todos";"";"";"";"Todas";"Todos";"NCM";"85444200";"";"";"";"";"";"";"01/04/2022";"31/12/2028";"8";""
"RES";"CAMEX";"272";"2021";"Todos";"";"";"";"Todas";"Todos";"NCM";"08011100";"";"";"";"";"";"";"01/04/2022";"31/12/2028";"55";""
"RES";"CAMEX";"272";"2021";"Todos";"";"";"";"Todas";"Todos";"NCM";"22042100";"";"EX LETEC";"9999";"Não se enquadra em nenhuma das opções anteriores";"";"";"01/04/2022";"31/12/2028";"27";""
"RES";"CAMEX";"272";"2021";"Todos";"";"";"";"Todas";"Todos";"NCM";"28362010";"";"";"";"";"";"";"01/04/2022";"31/12/2028";"0";""
"RES";"CAMEX";"272";"2021";"Todos";"";"";"";"Todas";"Todos";"NCM";"07032090";"";"";"";"";"";"";"01/04/2022";"31/12/2028";"35";""
"RES";"CAMEX";"272";"2021";"Todos";"";"";"";"Todas";"Todos";"NCM";"16041310";"";"";"";"";"";"";"01/04/2022";"31/12/2028";"32";""
"RES";"CAMEX";"272";"2021";"Todos";"";"";"";"Todas";"Todos";"NCM";"38089299";"";"";"";"";"";"";"01/04/2022";"31/12/2028";"0";""
"RES";"CAMEX";"272";"2021";"Todos";"";"";"";"Todas";"Todos";"NCM";"90211020";"";"";"";"";"";"";"01/04/2022";"31/12/2028";"4";""
"RES";"CAMEX";"272";"2021";"Todos";"";"";"";"Todas";"Todos";"NCM";"90213190";"";"EX LETEC";"0001";"Prótese endoesquelética transfemural em titânio ou fibra de carbono
- OBSERVAR O ANEXO V DA RES CAMEX 272/2021, CRIADO PELA RES CAMEX 318/2022.";"";"";"01/04/2022";"31/12/2028";"0";""
"RES";"CAMEX";"272";"2021";"Todos";"";"";"";"Todas";"Todos";"NCM";"90213190";"";"EX LETEC";"0002";"Prótese endoesquelética transfemural em alumínio para banho
- OBSERVAR O ANEXO V DA RES CAMEX 272/2021, CRIADO PELA RES CAMEX 318/2022.";"";"";"01/04/2022";"31/12/2028";"0";""
"RES";"CAMEX";"272";"2021";"Todos";"";"";"";"Todas";"Todos";"NCM";"90215000";"";"";"";"";"";"";"01/04/2022";"31/12/2028";"0";""
"RES";"CAMEX";"272";"2021";"Todos";"";"";"";"Todas";"Todos";"NCM";"92029000";"";"";"";"";"";"";"01/04/2022";"31/12/2028";"5";""
"RES";"CAMEX";"272";"2021";"Todos";"";"";"";"Todas";"Todos";"NCM";"22042100";"";"EX LETEC";"0001";"Vinhos de sobremesa ou licorosos, da madeira
- OBSERVAR O ANEXO V DA RES CAMEX 272/2021, CRIADO PELA RES CAMEX 318/2022.";"";"";"01/04/2022";"31/12/2028";"20";""
"RES";"CAMEX";"272";"2021";"Todos";"";"";"";"Todas";"Todos";"NCM";"22042100";"";"EX LETEC";"0002";"Vinhos de sobremesa ou licorosos, do porto
- OBSERVAR O ANEXO V DA RES CAMEX 272/2021, CRIADO PELA RES CAMEX 318/2022.";"";"";"01/04/2022";"31/12/2028";"20";""
"RES";"CAMEX";"272";"2021";"Todos";"";"";"";"Todas";"Todos";"NCM";"22042100";"";"EX LETEC";"0003";"Vinhos de sobremesa ou licorosos, de xerez
- OBSERVAR O ANEXO V DA RES CAMEX 272/2021, CRIADO PELA RES CAMEX 318/2022.";"";"";"01/04/2022";"31/12/2028";"20";""
"RES";"CAMEX";"272";"2021";"Todos";"";"";"";"Todas";"Todos";"NCM";"22042100";"";"EX LETEC";"0004";"Vinhos de sobremesa ou licorosos, de málaga
- OBSERVAR O ANEXO V DA RES CAMEX 272/2021, CRIADO PELA RES CAMEX 318/2022.";"";"";"01/04/2022";"31/12/2028";"20";""
"RES";"CAMEX";"272";"2021";"Todos";"";"";"";"Todas";"Todos";"NCM";"28352500";"";"";"";"";"";"";"01/04/2022";"31/12/2028";"0";""
"RES";"CAMEX";"272";"2021";"Todos";"";"";"";"Todas";"Todos";"NCM";"29051100";"";"";"";"";"";"";"01/04/2022";"31/12/2028";"0";""
"RES";"CAMEX";"272";"2021";"Todos";"";"";"";"Todas";"Todos";"NCM";"29152100";"";"";"";"";"";"";"01/04/2022";"31/12/2028";"2";""
"RES";"CAMEX";"272";"2021";"Todos";"";"";"";"Todas";"Todos";"NCM";"29161110";"";"";"";"";"";"";"01/04/2022";"31/12/2028";"6";""
"RES";"CAMEX";"272";"2021";"Todos";"";"";"";"Todas";"Todos";"NCM";"29291021";"";"";"";"";"";"";"01/04/2022";"31/12/2028";"2";""
"RES";"CAMEX";"272";"2021";"Todos";"";"";"";"Todas";"Todos";"NCM";"95045000";"";"EX LETEC";"0001";"Partes e acessórios dos consoles e das máquinas de jogos de vídeo cujas imagens são reproduzidas numa tela de um receptor de televisão, num monitor ou noutra tela ou superfície externa";"";"";"01/07/2022";"31/12/2028";"12";""
"RES";"CAMEX";"272";"2021";"Todos";"";"";"";"Todas";"Todos";"NCM";"95045000";"";"EX LETEC";"XXXX";"Não se enquadra em outra opção";"";"";"01/01/2024";"31/12/2028";"";""
"RES";"CAMEX";"272";"2021";"Todos";"";"";"";"Todas";"Todos";"NCM";"30043999";"";"EX LETEC";"XXXX";"Não se enquadra em outra opção";"";"";"01/01/2024";"31/12/2028";"";""
"RES";"CAMEX";"272";"2021";"Todos";"";"";"";"Todas";"Todos";"NCM";"30024992";"";"EX LETEC";"0003";"Cápsulas de lisado bacteriano de Escherichia Coli
- OBSERVAR O ANEXO V DA RES CAMEX 272/2021, CRIADO PELA RES CAMEX 318/2022.";"";"";"01/04/2022";"31/12/2028";"0";""
"RES";"CAMEX";"272";"2021";"Todos";"";"";"";"Todas";"Todos";"NCM";"30024992";"";"EX LETEC";"0001";"Toxina tipo A de clostridium botulinum - tratamento de blefaroespasmo e espasmo hemifacial
- OBSERVAR O ANEXO V DA RES CAMEX 272/2021, CRIADO PELA RES CAMEX 318/2022.";"";"";"01/04/2022";"31/12/2028";"0";""
"RES";"CAMEX";"272";"2021";"Todos";"";"";"";"Todas";"Todos";"NCM";"30024992";"";"EX LETEC";"0004";"Imuno Bacilo de Calmette-Guérin vivos, liofilizados, apresentado em frascos de 40 mg/ml
- OBSERVAR O ANEXO V DA RES CAMEX 272/2021, CRIADO PELA RES CAMEX 318/2022.";"";"";"01/04/2022";"31/12/2028";"0";""
"RES";"CAMEX";"272";"2021";"Todos";"";"";"";"Todas";"Todos";"NCM";"30024992";"";"EX LETEC";"XXXX";"Não se enquadra em outra opção";"";"";"01/01/2024";"31/12/2028";"";""
"RES";"CAMEX";"272";"2021";"Todos";"";"";"";"Todas";"Todos";"NCM";"30029000";"";"EX LETEC";"0002";"Onasemnogene Abeparvovec-xioi
- OBSERVAR O ANEXO V DA RES CAMEX 272/2021, CRIADO PELA RES CAMEX 318/2022.";"";"";"01/04/2022";"31/12/2028";"0";""
"RES";"CAMEX";"272";"2021";"Todos";"";"";"";"Todas";"Todos";"NCM";"30029000";"";"EX LETEC";"XXXX";"Não se enquadra em outra opção";"";"";"01/01/2024";"31/12/2028";"";""
"RES";"CAMEX";"272";"2021";"Todos";"";"";"";"Todas";"Todos";"NCM";"30049079";"";"EX LETEC";"0001";"Dasatinibe
- OBSERVAR O ANEXO V DA RES CAMEX 272/2021, CRIADO PELA RES CAMEX 318/2022.";"";"";"01/04/2022";"31/12/2028";"0";""
"RES";"CAMEX";"272";"2021";"Todos";"";"";"";"Todas";"Todos";"NCM";"30049079";"";"EX LETEC";"0044";"Contendo cladribina
- OBSERVAR O ANEXO V DA RES CAMEX 272/2021, CRIADO PELA RES CAMEX 318/2022.";"";"";"01/04/2022";"31/12/2028";"0";""
"RES";"CAMEX";"272";"2021";"Todos";"";"";"";"Todas";"Todos";"NCM";"31022100";"";"";"";"";"";"";"01/04/2022";"31/12/2028";"0";""
"RES";"CAMEX";"272";"2021";"Todos";"";"";"";"Todas";"Todos";"NCM";"30049079";"";"EX LETEC";"0050";"Contendo brometo de tiotrópio monoidratado e cloridrato de olodaterol";"";"";"01/08/2022";"31/12/2028";"0";""
"RES";"CAMEX";"272";"2021";"Todos";"";"";"";"Todas";"Todos";"NCM";"30049079";"";"EX LETEC";"XXXX";"Não se enquadra em outra opção";"";"";"01/01/2024";"31/12/2028";"";""
"RES";"CAMEX";"272";"2021";"Todos";"";"";"";"Todas";"Todos";"NCM";"30049079";"";"EX LETEC";"0051";"Contendo volanesorsena sódica";"";"";"31/12/2022";"31/12/2028";"0";""
"RES";"CAMEX";"272";"2021";"Todos";"";"";"";"Todas";"Todos";"NCM";"30049079";"";"EX LETEC";"0052";"Contendo Inotersena";"";"";"31/12/2022";"31/12/2028";"0";""
"RES";"CAMEX";"272";"2021";"Todos";"";"";"";"Todas";"Todos";"NCM";"38249986";"";"EX LETEC";"0003";"Mancozeb Técnico";"";"";"01/04/2023";"31/12/2028";"4";"CRIADO PELA RES CAMEX 459/2023"
"RES";"CAMEX";"272";"2021";"Todos";"";"";"";"Todas";"Todos";"NCM";"38249986";"";"EX LETEC";"XXXX";"Não se enquadra em outra opção";"";"";"01/01/2024";"31/12/2028";"";"CRIADO PELA RES CAMEX 459/2023"
"RES";"CAMEX";"272";"2021";"Todos";"";"";"";"Todas";"Todos";"NCM";"90189099";"";"EX LETEC";"0041";"Braços Robóticos, próprios para utilização exclusiva em aparelho (unidade funcional) assistido por robótica para cirurgias minimamente invasivas gerais, urológicas, ginecológicas, torácicas, cabeça e pescoço em adultos.";"";"";"01/07/2023";"31/12/2028";"0";"CRIADO PELA RES CAMEX 491/2023"
"RES";"CAMEX";"272";"2021";"Todos";"";"";"";"Todas";"Todos";"NCM";"90189099";"";"EX LETEC";"0042";"Console do Cirurgião, próprios para utilização exclusiva em aparelho (unidade funcional) assistido por robótica, para o controle preciso de instrumentos e endoscópios de cirurgias minimamente invasivas gerais, urológicas, ginecológicas, torácicas, cabeça e pescoço em adultos.";"";"";"01/07/2023";"31/12/2028";"0";"CRIADO PELA RES CAMEX 491/2023"
"RES";"CAMEX";"272";"2021";"Todos";"";"";"";"Todas";"Todos";"NCM";"90189099";"";"EX LETEC";"0043";"Instrumentos cirúrgicos (pinça fenestrada, tesoura curva, porta-agulha, pinça bipolar Maryland, gancho monopolar, tesoura curva monopolar), próprios para utilização exclusiva em aparelho (unidade funcional) assistido por robótica para cirurgias minimamente invasivas gerais, urológicas, ginecológicas, torácicas, cabeça e pescoço em adultos.";"";"";"01/07/2023";"31/12/2028";"0";"CRIADO PELA RES CAMEX 491/2023"
"RES";"CAMEX";"272";"2021";"Todos";"";"";"";"Todas";"Todos";"NCM";"90189099";"";"EX LETEC";"0044";"Unidade funcional assistida por robótica, para cirurgias minimamente invasivas gerais, urológicas, ginecológicas, colorretal, pescoço e torácicas em adultos, composto de console do cirurgião com tela de visualização 3D, unidades braços robóticos móveis e móveis para visualização ou instrumentação, podendo conter instrumentais cirúrgicos.";"";"";"01/07/2023";"31/12/2028";"0";"CRIADO PELA RES CAMEX 491/2023"
"RES";"CAMEX";"272";"2021";"Todos";"";"";"";"Todas";"Todos";"NCM";"90189099";"";"EX LETEC";"XXXX";"Não se enquadra em outra opção";"";"";"01/01/2024";"31/12/2028";"";"CRIADO PELA RES CAMEX 491/2023"
"RES";"CAMEX";"272";"2021";"Todos";"";"";"";"Todas";"Todos";"NCM";"90189099";"";"EX LETEC";"0045";"Aparelho para cirurgia médica endovascular, assistido por robótica, composto por: console de controle do sistema, braço de alcance estendido, unidade robótica, cassete de uso único e cabine de intervenção.";"";"";"01/08/2023";"31/12/2028";"0";""
"RES";"CAMEX";"272";"2021";"Todos";"";"";"";"Todas";"Todos";"NCM";"90189099";"";"EX LETEC";"0046";"Dispositivo médico (cassete) de uso único, próprio para utilização exclusiva em aparelho (unidade funcional) para cirurgia médica endovascular, assistido por robótica, cuja função é conduzir fios-guia, cateteres balão de rápida troca, stents coronários e vasculares periféricos, cateteres-guia, microcateteres, recuperadores de stent neurovasculares, espirais de embolização e stents para embolização";"";"";"01/08/2023";"31/12/2028";"0";""
"RES";"CAMEX";"272";"2021";"Todos";"";"";"";"Todas";"Todos";"NCM";"90189099";"";"EX LETEC";"0047";"Máquinas do tipo conhecido como ""Consoles do Cirurgião"", móveis, dotadas de sistema de imagem 3DHD (alta definição) e manetes para controle e manipulação dos braços robóticos e de seus instrumentos, próprias para utilização exclusiva em aparelhos (unidades funcionais) para cirurgias endoscópicas assistidas por robótica";"";"";"01/08/2023";"31/12/2028";"0";""
"RES";"CAMEX";"272";"2021";"Todos";"";"";"";"Todas";"Todos";"NCM";"90189099";"";"EX LETEC";"0048";"Máquinas do tipo conhecido como ""Braços Robóticos"", modulares, móveis e articulados, próprias para utilização exclusiva em aparelhos (unidades funcionais) para cirurgias endoscópicas assistidas por robótica, com a função de controle e manipulação do instrumental cirúrgico a eles acoplados";"";"";"01/08/2023";"31/12/2028";"0";""
"RES";"CAMEX";"272";"2021";"Todos";"";"";"";"Todas";"Todos";"NCM";"90189099";"";"EX LETEC";"0049";"Instrumentos cirúrgicos (tesoura curva monopolar e tampa da ponta monopolar, pinça fenestrada bipolar, fórceps Maryland bipolar, portaagulha largo ou extralargo, fórceps Cadiere, grasper duplo fenestrado, grasper dentado), concebidos para serem acoplados em braços robóticos, próprios para utilização exclusiva em aparelhos (unidades funcionais) para cirurgias endoscópicas assistidas por robótica";"";"";"01/08/2023";"31/12/2028";"0";""
"RES";"CAMEX";"272";"2021";"Todos";"";"";"";"Todas";"Todos";"NCM";"90189099";"";"EX LETEC";"0050";"Unidade funcional assistida por robótica, própria para utilização em cirurgias endoscópicas minimamente invasivas, composta pela associação de máquinas móveis denominadas ""torre do sistema"" contendo a unidade de processamento central do sistema, tela de visualização geral e aparelho para distribuição da energia elétrica, ""console do cirurgião"" com manetes controladores das ações instrumentais no transcorrer dos procedimentos médicos e tela de visualização 3D, e ""braços robóticos"" onde são instalados os diferentes instrumentos cirúrgicos, podendo estar acompanhados dos correspondentes instrumentais operacionais e cirúrgicos";"";"";"01/08/2023";"31/12/2028";"0";""
"RES";"CAMEX";"272";"2021";"Todos";"";"";"";"Todas";"Todos";"NCM";"93020000";"";"";"";"";"";"";"29/08/2023";"31/12/2028";"25";"CRIADO PELA RES CAMEX 516/2023"
"RES";"CAMEX";"272";"2021";"Todos";"";"";"";"Todas";"Todos";"NCM";"30049069";"";"EX LETEC";"0086";"Contendo succinato de ribociclibe";"";"";"01/04/2024";"31/12/2028";"0";"CRIADO PELA RES CAMEX 571/2024"
"RES";"CAMEX";"272";"2021";"Todos";"";"";"";"Todas";"Todos";"NCM";"30049069";"";"EX LETEC";"0087";"Contendo fosfato de ruxolitinibe";"";"";"01/04/2024";"31/12/2028";"0";"CRIADO PELA RES CAMEX 571/2024"
"RES";"CAMEX";"272";"2021";"Todos";"";"";"";"Todas";"Todos";"NCM";"30049069";"";"EX LETEC";"0088";"Contendo tosilato de niraparibe monoidratado";"";"";"01/04/2024";"31/12/2028";"0";"CRIADO PELA RES CAMEX 571/2024"
"RES";"CAMEX";"272";"2021";"Todos";"";"";"";"Todas";"Todos";"NCM";"30049069";"";"EX LETEC";"0089";"Contendo mesilato de osimertinibe";"";"";"01/04/2024";"31/12/2028";"0";"CRIADO PELA RES CAMEX 571/2024"
"RES";"CAMEX";"272";"2021";"Todos";"";"";"";"Todas";"Todos";"NCM";"30049069";"";"EX LETEC";"0090";"Contendo acalabrutinibe";"";"";"01/04/2024";"31/12/2028";"0";"CRIADO PELA RES CAMEX 571/2024"
"RES";"CAMEX";"272";"2021";"Todos";"";"";"";"Todas";"Todos";"NCM";"30049069";"";"EX LETEC";"0091";"Contendo olaparibe";"";"";"01/04/2024";"31/12/2028";"0";"CRIADO PELA RES CAMEX 571/2024"
"RES";"CAMEX";"272";"2021";"Todos";"";"";"";"Todas";"Todos";"NCM";"30049069";"";"EX LETEC";"0092";"Contendo tosilato de sorafenibe";"";"";"01/04/2024";"31/12/2028";"0";"CRIADO PELA RES CAMEX 571/2024"
"RES";"CAMEX";"272";"2021";"Todos";"";"";"";"Todas";"Todos";"NCM";"30049069";"";"EX LETEC";"XXXX";"Não se enquadra em outra opção";"";"";"01/04/2024";"31/12/2028";"";""
"RES";"CAMEX";"272";"2021";"Todos";"";"";"";"Todas";"Todos";"NCM";"30049079";"";"EX LETEC";"0027";"Contendo brometo de rocurônio";"";"";"01/04/2024";"31/12/2028";"0";"CRIADO PELA RES CAMEX 571/2024"
"RES";"CAMEX";"272";"2021";"Todos";"";"";"";"Todas";"Todos";"NCM";"30049079";"";"EX LETEC";"0028";"Contendo levofloxacino";"";"";"01/04/2024";"31/12/2028";"0";"CRIADO PELA RES CAMEX 571/2024"
"RES";"CAMEX";"272";"2021";"Todos";"";"";"";"Todas";"Todos";"NCM";"30049079";"";"EX LETEC";"0029";"Contendo adenosina";"";"";"01/04/2024";"31/12/2028";"0";"CRIADO PELA RES CAMEX 571/2024"
"RES";"CAMEX";"272";"2021";"Todos";"";"";"";"Todas";"Todos";"NCM";"30049079";"";"EX LETEC";"0030";"Contendo hidroclorotiazida";"";"";"01/04/2024";"31/12/2028";"0";"CRIADO PELA RES CAMEX 571/2024"
"RES";"CAMEX";"272";"2021";"Todos";"";"";"";"Todas";"Todos";"NCM";"30049079";"";"EX LETEC";"0031";"Contendo butilbrometo de escopolamina";"";"";"01/04/2024";"31/12/2028";"0";"CRIADO PELA RES CAMEX 571/2024"
"RES";"CAMEX";"272";"2021";"Todos";"";"";"";"Todas";"Todos";"NCM";"30049079";"";"EX LETEC";"0032";"Contendo bissulfato de clopidogrel";"";"";"01/04/2024";"31/12/2028";"0";"CRIADO PELA RES CAMEX 571/2024"
"RES";"CAMEX";"272";"2021";"Todos";"";"";"";"Todas";"Todos";"NCM";"30049079";"";"EX LETEC";"0033";"Contendo digoxina";"";"";"01/04/2024";"31/12/2028";"0";"CRIADO PELA RES CAMEX 571/2024"
"RES";"CAMEX";"272";"2021";"Todos";"";"";"";"Todas";"Todos";"NCM";"30049079";"";"EX LETEC";"0034";"Contendo linezolida";"";"";"01/04/2024";"31/12/2028";"0";"CRIADO PELA RES CAMEX 571/2024"
"RES";"CAMEX";"272";"2021";"Todos";"";"";"";"Todas";"Todos";"NCM";"30049079";"";"EX LETEC";"0035";"Contendo levomepromazina";"";"";"01/04/2024";"31/12/2028";"0";"CRIADO PELA RES CAMEX 571/2024"
"RES";"CAMEX";"272";"2021";"Todos";"";"";"";"Todas";"Todos";"NCM";"30049079";"";"EX LETEC";"0036";"Contendo ribavirina";"";"";"01/04/2024";"31/12/2028";"0";"CRIADO PELA RES CAMEX 571/2024"
"RES";"CAMEX";"272";"2021";"Todos";"";"";"";"Todas";"Todos";"NCM";"30049079";"";"EX LETEC";"0037";"Contendo edoxabana";"";"";"01/04/2024";"31/12/2028";"0";"CRIADO PELA RES CAMEX 571/2024"
"RES";"CAMEX";"272";"2021";"Todos";"";"";"";"Todas";"Todos";"NCM";"30049079";"";"EX LETEC";"0038";"Contendo nitazoxanida";"";"";"01/04/2024";"31/12/2028";"0";"CRIADO PELA RES CAMEX 571/2024"
"RES";"CAMEX";"272";"2021";"Todos";"";"";"";"Todas";"Todos";"NCM";"30049079";"";"EX LETEC";"0039";"Contendo rivaroxabana";"";"";"01/04/2024";"31/12/2028";"0";"CRIADO PELA RES CAMEX 571/2024"
"RES";"CAMEX";"272";"2021";"Todos";"";"";"";"Todas";"Todos";"NCM";"90189099";"";"EX LETEC";"0013";"Kit de traqueostomia percutânea";"";"";"01/04/2024";"31/12/2028";"0";"CRIADO PELA RES CAMEX 571/2024"
"RES";"CAMEX";"272";"2021";"Todos";"";"";"";"Todas";"Todos";"NCM";"90189099";"";"EX LETEC";"0014";"Lâminas para laringoscópio";"";"";"01/04/2024";"31/12/2028";"0";"CRIADO PELA RES CAMEX 571/2024"
"RES";"CAMEX";"272";"2021";"Todos";"";"";"";"Todas";"Todos";"NCM";"90189099";"";"EX LETEC";"0015";"Bomba de aspiração médica";"";"";"01/04/2024";"31/12/2028";"0";"CRIADO PELA RES CAMEX 571/2024"
"RES";"CAMEX";"272";"2021";"Todos";"";"";"";"Todas";"Todos";"NCM";"90189099";"";"EX LETEC";"0016";"Brocas médicas para acesso vascular";"";"";"01/04/2024";"31/12/2028";"0";"CRIADO PELA RES CAMEX 571/2024"
"RES";"CAMEX";"272";"2021";"Todos";"";"";"";"Todas";"Todos";"NCM";"90189099";"";"EX LETEC";"0017";"Estetoscópios";"";"";"01/04/2024";"31/12/2028";"0";"CRIADO PELA RES CAMEX 571/2024"
"RES";"CAMEX";"272";"2021";"Todos";"";"";"";"Todas";"Todos";"NCM";"90189099";"";"EX LETEC";"0018";"Pinça de Magil";"";"";"01/04/2024";"31/12/2028";"0";"CRIADO PELA RES CAMEX 571/2024"
"RES";"CAMEX";"272";"2021";"Todos";"";"";"";"Todas";"Todos";"NCM";"90189099";"";"EX LETEC";"0019";"Aspirador para medicina ou cirurgia";"";"";"01/04/2024";"31/12/2028";"0";"CRIADO PELA RES CAMEX 571/2024"
"RES";"CAMEX";"272";"2021";"Todos";"";"";"";"Todas";"Todos";"NCM";"90189099";"";"EX LETEC";"0020";"Bomba infusora com característica exclusiva para dieta enteral";"";"";"01/04/2024";"31/12/2028";"0";"CRIADO PELA RES CAMEX 571/2024"
"RES";"CAMEX";"272";"2021";"Todos";"";"";"";"Todas";"Todos";"NCM";"90189099";"";"EX LETEC";"0021";"Carro de parada com desfibrilador e eletrocardiógrafo";"";"";"01/04/2024";"31/12/2028";"0";"CRIADO PELA RES CAMEX 571/2024"
"RES";"CAMEX";"272";"2021";"Todos";"";"";"";"Todas";"Todos";"NCM";"90189099";"";"EX LETEC";"0022";"Desfibrilador/cardioversor com tecnologia bifásica";"";"";"01/04/2024";"31/12/2028";"0";"CRIADO PELA RES CAMEX 571/2024"
"RES";"CAMEX";"272";"2021";"Todos";"";"";"";"Todas";"Todos";"NCM";"90189099";"";"EX LETEC";"0023";"Equipamento eletrônico com os colchões de água para controle de temperatura de pacientes em centro cirúrgico e terapia intensiva";"";"";"01/04/2024";"31/12/2028";"0";"CRIADO PELA RES CAMEX 571/2024"
"RES";"CAMEX";"272";"2021";"Todos";"";"";"";"Todas";"Todos";"NCM";"90189099";"";"EX LETEC";"0024";"Escova com sucção para higiene bucal de pacientes em terapia intensiva, inclusive para aqueles entubados";"";"";"01/04/2024";"31/12/2028";"0";"CRIADO PELA RES CAMEX 571/2024"
"RES";"CAMEX";"272";"2021";"Todos";"";"";"";"Todas";"Todos";"NCM";"90189099";"";"EX LETEC";"0025";"Extensor de equipo/catéter";"";"";"01/04/2024";"31/12/2028";"0";"CRIADO PELA RES CAMEX 571/2024"
"RES";"CAMEX";"272";"2021";"Todos";"";"";"";"Todas";"Todos";"NCM";"90189099";"";"EX LETEC";"0026";"Sensor de débito cardíaco minimamente invasivo";"";"";"01/04/2024";"31/12/2028";"0";"CRIADO PELA RES CAMEX 571/2024"
"RES";"CAMEX";"272";"2021";"Todos";"";"";"";"Todas";"Todos";"NCM";"90189099";"";"EX LETEC";"0027";"Sensor para oximetria";"";"";"01/04/2024";"31/12/2028";"0";"CRIADO PELA RES CAMEX 571/2024"
"RES";"CAMEX";"272";"2021";"Todos";"";"";"";"Todas";"Todos";"NCM";"90189099";"";"EX LETEC";"0028";"Sistema de Hemoadsorção";"";"";"01/04/2024";"31/12/2028";"0";"CRIADO PELA RES CAMEX 571/2024"
"RES";"CAMEX";"272";"2021";"Todos";"";"";"";"Todas";"Todos";"NCM";"90189099";"";"EX LETEC";"0029";"Sistema de monitorização hemodinâmica";"";"";"01/04/2024";"31/12/2028";"0";"CRIADO PELA RES CAMEX 571/2024"
"RES";"CAMEX";"272";"2021";"Todos";"";"";"";"Todas";"Todos";"NCM";"90189099";"";"EX LETEC";"0030";"Manta aquecedora convectiva de uso hospitalar, com orifício próprio para insuflar ar quente de um aparelho de aquecimento.";"";"";"01/04/2024";"31/12/2028";"0";"CRIADO PELA RES CAMEX 571/2024"
"RES";"CAMEX";"272";"2021";"Todos";"";"";"";"Todas";"Todos";"NCM";"90189099";"";"EX LETEC";"0031";"Circuito para anestesia extensível, estéril e de uso único, com tubo extensor de 180 cm, para conduzir gases medicinais do sistema de anestesia ao paciente";"";"";"01/04/2024";"31/12/2028";"0";"CRIADO PELA RES CAMEX 571/2024"
"RES";"CAMEX";"272";"2021";"Todos";"";"";"";"Todas";"Todos";"NCM";"90189099";"";"EX LETEC";"0032";"Filtro respiratório plissado trocador de calor e umidade (HME) pediátrico, estéril e de uso único, apresentado em embalagem individual com uma camada plástica e outra camada de papel grau cirúrgico, para uso em sistema de anestesia ou em circuito respiratório de ventilação mecânica";"";"";"01/04/2024";"31/12/2028";"0";"CRIADO PELA RES CAMEX 571/2024"
"RES";"CAMEX";"272";"2021";"Todos";"";"";"";"Todas";"Todos";"NCM";"90189099";"";"EX LETEC";"0033";"Filtro respiratório, estéril e de uso único, apresentado em embalagem individual com uma camada plástica e outra camada de papel grau cirúrgico, para uso em sistema de anestesia ou em circuito respiratório de ventilação mecânica";"";"";"01/04/2024";"31/12/2028";"0";"CRIADO PELA RES CAMEX 571/2024"
"RES";"CAMEX";"272";"2021";"Todos";"";"";"";"Todas";"Todos";"NCM";"90189099";"";"EX LETEC";"0034";"Filtro respiratório plissado de malha de microfibra de vidro plissado (HEPA), com corpo e tampa de polipropileno, estéril e de uso único, apresentado em embalagem individual com uma camada plástica e outra camada de papel grau cirúrgico, para uso em sistema de anestesia ou em circuito respiratório de ventilação mecânica.";"";"";"01/04/2024";"31/12/2028";"0";"CRIADO PELA RES CAMEX 571/2024"
"RES";"CAMEX";"272";"2021";"Todos";"";"";"";"Todas";"Todos";"NCM";"90189099";"";"EX LETEC";"0035";"Braço Robótico articulável para procedimentos cirúrgicos de joelho e quadril, de plástico ABS, aço macio e aço inoxidável, com conector e porta USB";"";"";"01/04/2024";"31/12/2028";"0";"CRIADO PELA RES CAMEX 571/2024"
"RES";"CAMEX";"272";"2021";"Todos";"";"";"";"Todas";"Todos";"NCM";"90189099";"";"EX LETEC";"0036";"Peça de mão para ressecções ósseas em procedimentos cirúrgicos robóticos de joelho e quadril, munida de acessórios";"";"";"01/04/2024";"31/12/2028";"0";"CRIADO PELA RES CAMEX 571/2024"
"RES";"CAMEX";"272";"2021";"Todos";"";"";"";"Todas";"Todos";"NCM";"90189099";"";"EX LETEC";"0037";"Aparelho portátil, para uso em medicina, com funcionalidades de fornecimento de energia elétrica a transdutores de núcleo ultrassônico, controle de potência e monitoramento de temperatura do dispositivo ao qual será acoplado na execução de tratamentos com base na tecnologia de ultrassom para eliminação de tromboembolismo pulmonar e trombose venosa profunda, dotado de bateria de íons de lítio, fonte de energia CA, tela sensível ao toque, dois canais de fornecimento de energia e conjunto de cabos de interface";"";"";"01/04/2024";"31/12/2028";"0";"CRIADO PELA RES CAMEX 571/2024"
"RES";"CAMEX";"272";"2021";"Todos";"";"";"";"Todas";"Todos";"NCM";"90189099";"";"EX LETEC";"0038";"Aparelho para cirurgia médica endovascular, assistido por robótica, composto por: console de controle do sistema, braço de alcance estendido, unidade robótica, cassete de uso único e cabine de intervenção";"";"";"01/04/2024";"31/12/2028";"0";"CRIADO PELA RES CAMEX 571/2024"
"RES";"CAMEX";"272";"2021";"Todos";"";"";"";"Todas";"Todos";"NCM";"90189099";"";"EX LETEC";"0039";"Dispositivo médico endovascular, de uso único, utilizado para dissolver e eliminar trombos através do emprego de medicamento e de ondas ultrassônicas de alta frequência (2-3 MHz) e baixa potência, composto por conectores elétricos, cateter de infusão multilúmen com fio-guia, sistema conector para entrega de fluidos e núcleo ultrassônico";"";"";"01/04/2024";"31/12/2028";"0";"CRIADO PELA RES CAMEX 571/2024"
"RES";"CAMEX";"272";"2021";"Todos";"";"";"";"Todas";"Todos";"NCM";"90189099";"";"EX LETEC";"0040";"Dispositivo médico (cassete) de uso único, próprio para utilização exclusiva em aparelho (unidade funcional) para cirurgia médica endovascular, assistido por robótica, cuja função é conduzir fios-guia, cateteres balão de rápida troca, stents coronários e vasculares periféricos, cateteres-guia, microcateteres, recuperadores de stent neurovasculares, espirais de embolização e stents para embolização";"";"";"01/04/2024";"31/12/2028";"0";"CRIADO PELA RES CAMEX 571/2024"
"RES";"CAMEX";"272";"2021";"Todos";"";"";"";"Todas";"Todos";"NCM";"30049099";"";"EX LETEC";"0020";"Contendo hidróxido de ferro endovenoso";"";"";"01/04/2024";"31/12/2028";"0";"CRIADO PELA RES CAMEX 571/2024"
"RES";"CAMEX";"272";"2021";"Todos";"";"";"";"Todas";"Todos";"NCM";"30049099";"";"EX LETEC";"0021";"Peróxido de hidrogênio (água oxigenada), acondicionado para uso interno ou externo como medicamento, inclusive como antisséptico para a pele. Apenas coberto aqui se em doses ou embalagens para venda a retalho (inclusive diretamente a hospitais) para esse uso";"";"";"01/04/2024";"31/12/2028";"0";"CRIADO PELA RES CAMEX 571/2024"
"RES";"CAMEX";"272";"2021";"Todos";"";"";"";"Todas";"Todos";"NCM";"30049099";"";"EX LETEC";"0022";"Contendo sulfato de zinco";"";"";"01/04/2024";"31/12/2028";"0";"CRIADO PELA RES CAMEX 571/2024"
"RES";"CAMEX";"272";"2021";"Todos";"";"";"";"Todas";"Todos";"NCM";"30049099";"";"EX LETEC";"0023";"Contendo heparina";"";"";"01/04/2024";"31/12/2028";"0";"CRIADO PELA RES CAMEX 571/2024"
"RES";"CAMEX";"272";"2021";"Todos";"";"";"";"Todas";"Todos";"NCM";"30049099";"";"EX LETEC";"0024";"Contendo iodopovidona";"";"";"01/04/2024";"31/12/2028";"0";"CRIADO PELA RES CAMEX 571/2024"
"RES";"CAMEX";"272";"2021";"Todos";"";"";"";"Todas";"Todos";"NCM";"30049099";"";"EX LETEC";"0025";"Solução isotônica contendo cloreto de sódio, cloreto de potássio e cloreto de cálcio diidratado, podendo conter ou não lactato de sódio";"";"";"01/04/2024";"31/12/2028";"0";"CRIADO PELA RES CAMEX 571/2024"
"RES";"CAMEX";"272";"2021";"Todos";"";"";"";"Todas";"Todos";"NCM";"30049099";"";"EX LETEC";"0027";"Contendo succinilcolina";"";"";"01/04/2024";"31/12/2028";"0";"CRIADO PELA RES CAMEX 571/2024"
"RES";"CAMEX";"272";"2021";"Todos";"";"";"";"Todas";"Todos";"NCM";"30049079";"";"EX LETEC";"0040";"Contendo rocurônio";"";"";"01/04/2024";"31/12/2028";"0";"CRIADO PELA RES CAMEX 571/2024"
"RES";"CAMEX";"272";"2021";"Todos";"";"";"";"Todas";"Todos";"NCM";"30049079";"";"EX LETEC";"0041";"Contendo sufentanila e seus sais";"";"";"01/04/2024";"31/12/2028";"0";"CRIADO PELA RES CAMEX 571/2024"
"RES";"CAMEX";"272";"2021";"Todos";"";"";"";"Todas";"Todos";"NCM";"30049079";"";"EX LETEC";"0043";"Contendo rendesivir";"";"";"01/04/2024";"31/12/2028";"0";"CRIADO PELA RES CAMEX 571/2024"
"RES";"CAMEX";"272";"2021";"Todos";"";"";"";"Todas";"Todos";"NCM";"30049079";"";"EX LETEC";"0048";"Contendo baricitinibe";"";"";"01/04/2024";"31/12/2028";"0";"CRIADO PELA RES CAMEX 571/2024"
"RES";"CAMEX";"272";"2021";"Todos";"";"";"";"Todas";"Todos";"NCM";"30049079";"";"EX LETEC";"0049";"Contendo nirmatrelvir e ritonavir";"";"";"01/04/2024";"31/12/2028";"0";"CRIADO PELA RES CAMEX 571/2024"
"RES";"CAMEX";"272";"2021";"Todos";"";"";"";"Todas";"Todos";"NCM";"30049099";"";"EX LETEC";"0001";"Kit de diálise peritonial";"";"";"01/04/2024";"31/12/2028";"0";"CRIADO PELA RES CAMEX 571/2024"
"RES";"CAMEX";"272";"2021";"Todos";"";"";"";"Todas";"Todos";"NCM";"30049099";"";"EX LETEC";"0012";"Contendo tolcapone";"";"";"01/04/2024";"31/12/2028";"0";"CRIADO PELA RES CAMEX 571/2024"
"RES";"CAMEX";"272";"2021";"Todos";"";"";"";"Todas";"Todos";"NCM";"30049099";"";"EX LETEC";"0017";"Contendo hidroxiuréia";"";"";"01/04/2024";"31/12/2028";"0";"CRIADO PELA RES CAMEX 571/2024"
"RES";"CAMEX";"272";"2021";"Todos";"";"";"";"Todas";"Todos";"NCM";"30049099";"";"EX LETEC";"0028";"Contendo cloreto de suxametônio";"";"";"01/04/2024";"31/12/2028";"0";"CRIADO PELA RES CAMEX 571/2024"
"RES";"CAMEX";"272";"2021";"Todos";"";"";"";"Todas";"Todos";"NCM";"30049099";"";"EX LETEC";"0029";"Solução de ringer com lactato";"";"";"01/04/2024";"31/12/2028";"0";"CRIADO PELA RES CAMEX 571/2024"
"RES";"CAMEX";"272";"2021";"Todos";"";"";"";"Todas";"Todos";"NCM";"30049099";"";"EX LETEC";"0030";"Sais para reidratação oral";"";"";"01/04/2024";"31/12/2028";"0";"CRIADO PELA RES CAMEX 571/2024"
"RES";"CAMEX";"272";"2021";"Todos";"";"";"";"Todas";"Todos";"NCM";"30049099";"";"EX LETEC";"0031";"Solução injetável, contendo de glicose";"";"";"01/04/2024";"31/12/2028";"0";"CRIADO PELA RES CAMEX 571/2024"
"RES";"CAMEX";"272";"2021";"Todos";"";"";"";"Todas";"Todos";"NCM";"30049099";"";"EX LETEC";"0032";"Solução injetável, contendo bicarbonato de sódio";"";"";"01/04/2024";"31/12/2028";"0";"CRIADO PELA RES CAMEX 571/2024"
"RES";"CAMEX";"272";"2021";"Todos";"";"";"";"Todas";"Todos";"NCM";"30049099";"";"EX LETEC";"0033";"Solução injetável, contendo sulfato de magnésio";"";"";"01/04/2024";"31/12/2028";"0";"CRIADO PELA RES CAMEX 571/2024"
"RES";"CAMEX";"272";"2021";"Todos";"";"";"";"Todas";"Todos";"NCM";"30049099";"";"EX LETEC";"0034";"Contendo alteplase";"";"";"01/04/2024";"31/12/2028";"0";"CRIADO PELA RES CAMEX 571/2024"
"RES";"CAMEX";"272";"2021";"Todos";"";"";"";"Todas";"Todos";"NCM";"30049099";"";"EX LETEC";"0035";"Solução injetável, contendo gliconato de cálcio";"";"";"01/04/2024";"31/12/2028";"0";"CRIADO PELA RES CAMEX 571/2024"
"RES";"CAMEX";"272";"2021";"Todos";"";"";"";"Todas";"Todos";"NCM";"30049099";"";"EX LETEC";"0036";"Água estéril para injeção";"";"";"01/04/2024";"31/12/2028";"0";"CRIADO PELA RES CAMEX 571/2024"
"RES";"CAMEX";"272";"2021";"Todos";"";"";"";"Todas";"Todos";"NCM";"30049099";"";"EX LETEC";"0038";"Contendo colagenase";"";"";"01/04/2024";"31/12/2028";"0";"CRIADO PELA RES CAMEX 571/2024"
"RES";"CAMEX";"272";"2021";"Todos";"";"";"";"Todas";"Todos";"NCM";"30049099";"";"EX LETEC";"0039";"Solução injetável, contendo fosfato de potássio monobásico e dibásico";"";"";"01/04/2024";"31/12/2028";"0";"CRIADO PELA RES CAMEX 571/2024"
"RES";"CAMEX";"272";"2021";"Todos";"";"";"";"Todas";"Todos";"NCM";"30049099";"";"EX LETEC";"0040";"Solução contendo 3,5% de gelatina";"";"";"01/04/2024";"31/12/2028";"0";"CRIADO PELA RES CAMEX 571/2024"
"RES";"CAMEX";"272";"2021";"Todos";"";"";"";"Todas";"Todos";"NCM";"30049099";"";"EX LETEC";"0041";"Solução contendo 12% de glicerina";"";"";"01/04/2024";"31/12/2028";"0";"CRIADO PELA RES CAMEX 571/2024"
"RES";"CAMEX";"272";"2021";"Todos";"";"";"";"Todas";"Todos";"NCM";"30049099";"";"EX LETEC";"0042";"Solução injetável 6%, contendo hidroxietilamido e cloreto de sódio, com grau de substituição molar de 0,38 a 0,45 e com peso molecular de 130.000 daltons";"";"";"01/04/2024";"31/12/2028";"0";"CRIADO PELA RES CAMEX 571/2024"
"RES";"CAMEX";"272";"2021";"Todos";"";"";"";"Todas";"Todos";"NCM";"30049099";"";"EX LETEC";"0043";"Solução oral, contendo lactulose";"";"";"01/04/2024";"31/12/2028";"0";"CRIADO PELA RES CAMEX 571/2024"
"RES";"CAMEX";"272";"2021";"Todos";"";"";"";"Todas";"Todos";"NCM";"30049099";"";"EX LETEC";"0044";"Solução injetável, contendo enoxaparina";"";"";"01/04/2024";"31/12/2028";"0";"CRIADO PELA RES CAMEX 571/2024"
"RES";"CAMEX";"272";"2021";"Todos";"";"";"";"Todas";"Todos";"NCM";"30049099";"";"EX LETEC";"0045";"Solução injetável, contendo enoxaparina sódica";"";"";"01/04/2024";"31/12/2028";"0";"CRIADO PELA RES CAMEX 571/2024"
"RES";"CAMEX";"272";"2021";"Todos";"";"";"";"Todas";"Todos";"NCM";"30049099";"";"EX LETEC";"0046";"Pegcetacoplan (APL-2), em solução com sorbitol";"";"";"01/04/2024";"31/12/2028";"0";"CRIADO PELA RES CAMEX 571/2024"
"RES";"CAMEX";"272";"2021";"Todos";"";"";"";"Todas";"Todos";"NCM";"30049099";"";"EX LETEC";"0047";"Pegcetacoplan (APL-2), em solução com manitol";"";"";"01/04/2024";"31/12/2028";"0";"CRIADO PELA RES CAMEX 571/2024"
"RES";"CAMEX";"272";"2021";"Todos";"";"";"";"Todas";"Todos";"NCM";"30049099";"";"EX LETEC";"0049";"Polivitamínico contendo ácido ascórbico, ácido fólico, DL-alfatocoferol, biotina, cianocobalamina, cloridrato de piridoxina, cocarboxilase, colecalciferol, dexpantenol, nicotinamida, palmitato de retinol, fosfato sódico de riboflavina, em pó liofilizado";"";"";"01/04/2024";"31/12/2028";"0";"CRIADO PELA RES CAMEX 571/2024"
"RES";"CAMEX";"272";"2021";"Todos";"";"";"";"Todas";"Todos";"NCM";"30049099";"";"EX LETEC";"0050";"Solução glico-fisiológica em sistema fechado, contendo cloreto de sódio, com concentração de 0,9%, e glicose, com concentração de 5% em peso, apresentada em bolsas de PVC";"";"";"01/04/2024";"31/12/2028";"0";"CRIADO PELA RES CAMEX 571/2024"
"RES";"CAMEX";"272";"2021";"Todos";"";"";"";"Todas";"Todos";"NCM";"30049099";"";"EX LETEC";"0051";"Solução de eletrólitos com pH 7,4, contendo acetato de sódio triidratado, cloreto de magnésio, cloreto de potássio, cloreto de sódio e gliconato de sódio, em sistema fechado, apresentada em bolsas de PVC";"";"";"01/04/2024";"31/12/2028";"0";"CRIADO PELA RES CAMEX 571/2024"
"RES";"CAMEX";"272";"2021";"Todos";"";"";"";"Todas";"Todos";"NCM";"30049099";"";"EX LETEC";"0052";"Solução apresentada em uma bolsa de PVC, em sistema fechado, contendo cloreto de sódio e de citrato de sódio diidratado";"";"";"01/04/2024";"31/12/2028";"0";"CRIADO PELA RES CAMEX 571/2024"
"RES";"CAMEX";"272";"2021";"Todos";"";"";"";"Todas";"Todos";"NCM";"30049099";"";"EX LETEC";"0053";"Solução apresentada em uma bolsa de PVC, em sistema fechado, contendo bicarbonato de sódio, cloreto de magnésio hexaidratado, cloreto de potássio, cloreto de sódio e fosfato de sódio dibásico diidratado, em sistema fechado, apresentada em bolsas de PVC";"";"";"01/04/2024";"31/12/2028";"0";"CRIADO PELA RES CAMEX 571/2024"
"RES";"CAMEX";"272";"2021";"Todos";"";"";"";"Todas";"Todos";"NCM";"30049099";"";"EX LETEC";"0054";"Solução apresentada em uma bolsa de PVC, em sistema fechado, com dois compartimentos, um contendo: cloreto de cálcio diidratado e cloreto de magnésio hexaidratado, e outro contendo: bicarbonato de sódio, cloreto de magnésio hexaidratado, cloreto de potássio, cloreto de sódio e fosfato dissódico diidratado";"";"";"01/04/2024";"31/12/2028";"0";"CRIADO PELA RES CAMEX 571/2024"
"RES";"CAMEX";"272";"2021";"Todos";"";"";"";"Todas";"Todos";"NCM";"30049099";"";"EX LETEC";"0055";"Solução apresentada em uma bolsa de PVC, em sistema fechado, contendo cloreto de cálcio diidratado, cloreto de magnésio hexaidratado, cloreto de sódio, glicose monoidratada e lactato de sódio";"";"";"01/04/2024";"31/12/2028";"0";"CRIADO PELA RES CAMEX 571/2024"
"RES";"CAMEX";"272";"2021";"Todos";"";"";"";"Todas";"Todos";"NCM";"30049099";"";"EX LETEC";"0056";"Emulsão de alimentação parenteral, apresentada em bolsa com 3 compartimentos, contendo cada um: emulsão lipídica, solução de aminoácidos com eletrólitos e solução de glicose";"";"";"01/04/2024";"31/12/2028";"0";"CRIADO PELA RES CAMEX 571/2024"
"RES";"CAMEX";"272";"2021";"Todos";"";"";"";"Todas";"Todos";"NCM";"30049099";"";"EX LETEC";"0057";"Contendo Desflurano";"";"";"01/04/2024";"31/12/2028";"0";"CRIADO PELA RES CAMEX 571/2024"
"RES";"CAMEX";"272";"2021";"Todos";"";"";"";"Todas";"Todos";"NCM";"30049099";"";"EX LETEC";"0058";"Contendo isoflurano";"";"";"01/04/2024";"31/12/2028";"0";"CRIADO PELA RES CAMEX 571/2024"
"RES";"CAMEX";"272";"2021";"Todos";"";"";"";"Todas";"Todos";"NCM";"30049099";"";"EX LETEC";"0059";"Contendo sulfato de magnésio";"";"";"01/04/2024";"31/12/2028";"0";"CRIADO PELA RES CAMEX 571/2024"
"RES";"CAMEX";"272";"2021";"Todos";"";"";"";"Todas";"Todos";"NCM";"30049099";"";"EX LETEC";"0060";"Contendo citrato de sódio";"";"";"01/04/2024";"31/12/2028";"0";"CRIADO PELA RES CAMEX 571/2024"
"RES";"CAMEX";"272";"2021";"Todos";"";"";"";"Todas";"Todos";"NCM";"30049099";"";"EX LETEC";"0061";"Contendo suxametônio";"";"";"01/04/2024";"31/12/2028";"0";"CRIADO PELA RES CAMEX 571/2024"
"RES";"CAMEX";"272";"2021";"Todos";"";"";"";"Todas";"Todos";"NCM";"30049099";"";"EX LETEC";"0062";"Contendo dobesilato de cálcio monohidratado";"";"";"01/04/2024";"31/12/2028";"0";"CRIADO PELA RES CAMEX 571/2024"
"RES";"CAMEX";"272";"2021";"Todos";"";"";"";"Todas";"Todos";"NCM";"30049099";"";"EX LETEC";"XXXX";"Não se enquadra em outra opção";"";"";"01/04/2024";"31/12/2028";"";""
"RES";"CAMEX";"272";"2021";"Todos";"";"";"";"Todas";"Todos";"NCM";"90183929";"";"";"";"";"";"";"01/04/2024";"31/12/2028";"0";"CRIADO PELA RES CAMEX 571/2024"
"RES";"CAMEX";"272";"2021";"Todos";"";"";"";"Todas";"Todos";"NCM";"90189099";"";"EX LETEC";"0001";"Conjunto descartável de circulação assistida (1.2)";"";"";"01/04/2024";"31/12/2028";"0";"CRIADO PELA RES CAMEX 571/2024"
"RES";"CAMEX";"272";"2021";"Todos";"";"";"";"Todas";"Todos";"NCM";"90189099";"";"EX LETEC";"0002";"Conjunto descartável de balão intra-aórtico";"";"";"01/04/2024";"31/12/2028";"0";"CRIADO PELA RES CAMEX 571/2024"
"RES";"CAMEX";"272";"2021";"Todos";"";"";"";"Todas";"Todos";"NCM";"90189099";"";"EX LETEC";"0003";"Linha arterial ou venosa";"";"";"01/04/2024";"31/12/2028";"0";"CRIADO PELA RES CAMEX 571/2024"
"RES";"CAMEX";"272";"2021";"Todos";"";"";"";"Todas";"Todos";"NCM";"90189099";"";"EX LETEC";"0004";"Máquinas cicladoras para diálise peritonial e seus acessórios";"";"";"01/04/2024";"31/12/2028";"0";"CRIADO PELA RES CAMEX 571/2024"
"RES";"CAMEX";"272";"2021";"Todos";"";"";"";"Todas";"Todos";"NCM";"90189099";"";"EX LETEC";"0005";"Equipamento de drenagem";"";"";"01/04/2024";"31/12/2028";"0";"CRIADO PELA RES CAMEX 571/2024"
"RES";"CAMEX";"272";"2021";"Todos";"";"";"";"Todas";"Todos";"NCM";"90189099";"";"EX LETEC";"0006";"Cápsula protetora do adaptador de titânio";"";"";"01/04/2024";"31/12/2028";"0";"CRIADO PELA RES CAMEX 571/2024"
"RES";"CAMEX";"272";"2021";"Todos";"";"";"";"Todas";"Todos";"NCM";"90189099";"";"EX LETEC";"0007";"Equipamentos de transferência ou similar para diálise peritonial";"";"";"01/04/2024";"31/12/2028";"0";"CRIADO PELA RES CAMEX 571/2024"
"RES";"CAMEX";"272";"2021";"Todos";"";"";"";"Todas";"Todos";"NCM";"90189099";"";"EX LETEC";"0008";"Equipamento cassete cicladora";"";"";"01/04/2024";"31/12/2028";"0";"CRIADO PELA RES CAMEX 571/2024"
"RES";"CAMEX";"272";"2021";"Todos";"";"";"";"Todas";"Todos";"NCM";"90189099";"";"EX LETEC";"0009";"Bisturis elétricos, com tecnologia ultrassônica";"";"";"01/04/2024";"31/12/2028";"0";"CRIADO PELA RES CAMEX 571/2024"
"RES";"CAMEX";"272";"2021";"Todos";"";"";"";"Todas";"Todos";"NCM";"90189099";"";"EX LETEC";"0010";"Oxigenação por membrana extracorpórea (OMEC)";"";"";"01/04/2024";"31/12/2028";"0";"CRIADO PELA RES CAMEX 571/2024"
"RES";"CAMEX";"272";"2021";"Todos";"";"";"";"Todas";"Todos";"NCM";"90189099";"";"EX LETEC";"0011";"Kits de intubação";"";"";"01/04/2024";"31/12/2028";"0";"CRIADO PELA RES CAMEX 571/2024"
"RES";"CAMEX";"272";"2021";"Todos";"";"";"";"Todas";"Todos";"NCM";"90189099";"";"EX LETEC";"0012";"Dispositivo para manobra de engasgo";"";"";"01/04/2024";"31/12/2028";"0";"CRIADO PELA RES CAMEX 571/2024"
"RES";"CAMEX";"272";"2021";"Todos";"";"";"";"Todas";"Todos";"NCM";"30021235";"";"";"";"";"";"";"01/04/2024";"31/12/2028";"0";"CRIADO PELA RES CAMEX 571/2024"
"RES";"CAMEX";"272";"2021";"Todos";"";"";"";"Todas";"Todos";"NCM";"30043929";"";"EX LETEC";"0001";"Contendo acetato de lanreotida";"";"";"01/04/2024";"31/12/2028";"0";"CRIADO PELA RES CAMEX 571/2024"
"RES";"CAMEX";"272";"2021";"Todos";"";"";"";"Todas";"Todos";"NCM";"30043929";"";"EX LETEC";"0002";"Contendo acetato de desmopressina";"";"";"01/04/2024";"31/12/2028";"0";"CRIADO PELA RES CAMEX 571/2024"
"RES";"CAMEX";"272";"2021";"Todos";"";"";"";"Todas";"Todos";"NCM";"30043929";"";"EX LETEC";"0006";"Contendo acetato de teriparatida";"";"";"01/04/2024";"31/12/2028";"0";"CRIADO PELA RES CAMEX 571/2024"
"RES";"CAMEX";"272";"2021";"Todos";"";"";"";"Todas";"Todos";"NCM";"30043929";"";"EX LETEC";"0007";"Contendo teriparatida";"";"";"01/04/2024";"31/12/2028";"0";"CRIADO PELA RES CAMEX 571/2024"
"RES";"CAMEX";"272";"2021";"Todos";"";"";"";"Todas";"Todos";"NCM";"30043929";"";"EX LETEC";"0008";"Contendo cetuximabe";"";"";"01/04/2024";"31/12/2028";"0";"CRIADO PELA RES CAMEX 571/2024"
"RES";"CAMEX";"272";"2021";"Todos";"";"";"";"Todas";"Todos";"NCM";"30043929";"";"EX LETEC";"0009";"Contendo acetato de octreotida";"";"";"01/04/2024";"31/12/2028";"0";"CRIADO PELA RES CAMEX 571/2024"
"RES";"CAMEX";"272";"2021";"Todos";"";"";"";"Todas";"Todos";"NCM";"30043929";"";"EX LETEC";"0010";"Contendo vasopressina";"";"";"01/04/2024";"31/12/2028";"0";"CRIADO PELA RES CAMEX 571/2024"
"RES";"CAMEX";"272";"2021";"Todos";"";"";"";"Todas";"Todos";"NCM";"30043929";"";"EX LETEC";"0011";"Contendo Avelumabe";"";"";"01/04/2024";"31/12/2028";"0";"CRIADO PELA RES CAMEX 571/2024"
"RES";"CAMEX";"272";"2021";"Todos";"";"";"";"Todas";"Todos";"NCM";"30043929";"";"EX LETEC";"XXXX";"Não se enquadra em outra opção";"";"";"01/04/2024";"31/12/2028";"";""
"RES";"CAMEX";"272";"2021";"Todos";"";"";"";"Todas";"Todos";"NCM";"30049029";"";"EX LETEC";"0001";"Contendo pravastatina sódica";"";"";"01/04/2024";"31/12/2028";"0";"CRIADO PELA RES CAMEX 571/2024"
"RES";"CAMEX";"272";"2021";"Todos";"";"";"";"Todas";"Todos";"NCM";"30049029";"";"EX LETEC";"0002";"Contendo acitretina";"";"";"01/04/2024";"31/12/2028";"0";"CRIADO PELA RES CAMEX 571/2024"
"RES";"CAMEX";"272";"2021";"Todos";"";"";"";"Todas";"Todos";"NCM";"30049029";"";"EX LETEC";"0003";"Contendo cetoprofeno";"";"";"01/04/2024";"31/12/2028";"0";"CRIADO PELA RES CAMEX 571/2024"
"RES";"CAMEX";"272";"2021";"Todos";"";"";"";"Todas";"Todos";"NCM";"30049029";"";"EX LETEC";"XXXX";"Não se enquadra em outra opção";"";"";"01/04/2024";"31/12/2028";"";""
"RES";"CAMEX";"272";"2021";"Todos";"";"";"";"Todas";"Todos";"NCM";"30049039";"";"EX LETEC";"0003";"Contendo trientina";"";"";"01/04/2024";"31/12/2028";"0";"CRIADO PELA RES CAMEX 571/2024"
"RES";"CAMEX";"272";"2021";"Todos";"";"";"";"Todas";"Todos";"NCM";"30049039";"";"EX LETEC";"0005";"Contendo acetato de glatiramer";"";"";"01/04/2024";"31/12/2028";"0";"CRIADO PELA RES CAMEX 571/2024"
"RES";"CAMEX";"272";"2021";"Todos";"";"";"";"Todas";"Todos";"NCM";"30049039";"";"EX LETEC";"0006";"Contendo gabapentina";"";"";"01/04/2024";"31/12/2028";"0";"CRIADO PELA RES CAMEX 571/2024"
"RES";"CAMEX";"272";"2021";"Todos";"";"";"";"Todas";"Todos";"NCM";"30049039";"";"EX LETEC";"0007";"Contendo vigabatrina";"";"";"01/04/2024";"31/12/2028";"0";"CRIADO PELA RES CAMEX 571/2024"
"RES";"CAMEX";"272";"2021";"Todos";"";"";"";"Todas";"Todos";"NCM";"30049039";"";"EX LETEC";"0008";"Contendo xinafoato de salmeterol";"";"";"01/04/2024";"31/12/2028";"0";"CRIADO PELA RES CAMEX 571/2024"
"RES";"CAMEX";"272";"2021";"Todos";"";"";"";"Todas";"Todos";"NCM";"30049039";"";"EX LETEC";"0009";"Contendo bromidrato de galantamina";"";"";"01/04/2024";"31/12/2028";"0";"CRIADO PELA RES CAMEX 571/2024"
"RES";"CAMEX";"272";"2021";"Todos";"";"";"";"Todas";"Todos";"NCM";"30049039";"";"EX LETEC";"0010";"Contendo lumiracoxib";"";"";"01/04/2024";"31/12/2028";"0";"CRIADO PELA RES CAMEX 571/2024"
"RES";"CAMEX";"272";"2021";"Todos";"";"";"";"Todas";"Todos";"NCM";"30049039";"";"EX LETEC";"0011";"Contendo dobutamina";"";"";"01/04/2024";"31/12/2028";"0";"CRIADO PELA RES CAMEX 571/2024"
"RES";"CAMEX";"272";"2021";"Todos";"";"";"";"Todas";"Todos";"NCM";"30049039";"";"EX LETEC";"0012";"Contendo salbutamol";"";"";"01/04/2024";"31/12/2028";"0";"CRIADO PELA RES CAMEX 571/2024"
"RES";"CAMEX";"272";"2021";"Todos";"";"";"";"Todas";"Todos";"NCM";"30049039";"";"EX LETEC";"0013";"Contendo cloridrato de dextrocetamina";"";"";"01/04/2024";"31/12/2028";"0";"CRIADO PELA RES CAMEX 571/2024"
"RES";"CAMEX";"272";"2021";"Todos";"";"";"";"Todas";"Todos";"NCM";"30049039";"";"EX LETEC";"0014";"Contendo tartarato metoprolol";"";"";"01/04/2024";"31/12/2028";"0";"CRIADO PELA RES CAMEX 571/2024"
"RES";"CAMEX";"272";"2021";"Todos";"";"";"";"Todas";"Todos";"NCM";"30049039";"";"EX LETEC";"0015";"Contendo ácido tranexâmico";"";"";"01/04/2024";"31/12/2028";"0";"CRIADO PELA RES CAMEX 571/2024"
"RES";"CAMEX";"272";"2021";"Todos";"";"";"";"Todas";"Todos";"NCM";"30049039";"";"EX LETEC";"0016";"Contendo cloridrato de dopamina";"";"";"01/04/2024";"31/12/2028";"0";"CRIADO PELA RES CAMEX 571/2024"
"RES";"CAMEX";"272";"2021";"Todos";"";"";"";"Todas";"Todos";"NCM";"30049039";"";"EX LETEC";"0018";"Contendo cloridrato de bupropiona";"";"";"01/04/2024";"31/12/2028";"0";"CRIADO PELA RES CAMEX 571/2024"
"RES";"CAMEX";"272";"2021";"Todos";"";"";"";"Todas";"Todos";"NCM";"30049039";"";"EX LETEC";"0019";"Contendo ketamina";"";"";"01/04/2024";"31/12/2028";"0";"CRIADO PELA RES CAMEX 571/2024"
"RES";"CAMEX";"272";"2021";"Todos";"";"";"";"Todas";"Todos";"NCM";"30049039";"";"EX LETEC";"0020";"Contendo dextrocetamina";"";"";"01/04/2024";"31/12/2028";"0";"CRIADO PELA RES CAMEX 571/2024"
"RES";"CAMEX";"272";"2021";"Todos";"";"";"";"Todas";"Todos";"NCM";"30049039";"";"EX LETEC";"0021";"Contendo brometo de umeclidínio e trifenatato de vilanterol";"";"";"01/04/2024";"31/12/2028";"0";"CRIADO PELA RES CAMEX 571/2024"
"RES";"CAMEX";"272";"2021";"Todos";"";"";"";"Todas";"Todos";"NCM";"30049039";"";"EX LETEC";"XXXX";"Não se enquadra em outra opção";"";"";"01/04/2024";"31/12/2028";"";""
"RES";"CAMEX";"272";"2021";"Todos";"";"";"";"Todas";"Todos";"NCM";"30049049";"";"EX LETEC";"0001";"Contendo oseltamivir ou seus sais";"";"";"01/04/2024";"31/12/2028";"0";"CRIADO PELA RES CAMEX 571/2024"
"RES";"CAMEX";"272";"2021";"Todos";"";"";"";"Todas";"Todos";"NCM";"30049049";"";"EX LETEC";"XXXX";"Não se enquadra em outra opção";"";"";"01/04/2024";"31/12/2028";"";""
"RES";"CAMEX";"272";"2021";"Todos";"";"";"";"Todas";"Todos";"NCM";"30049069";"";"EX LETEC";"0001";"Contendo abacavir";"";"";"01/04/2024";"31/12/2028";"0";"CRIADO PELA RES CAMEX 571/2024"
"RES";"CAMEX";"272";"2021";"Todos";"";"";"";"Todas";"Todos";"NCM";"30049069";"";"EX LETEC";"0002";"Dicloridrato de daclatasvir";"";"";"01/04/2024";"31/12/2028";"0";"CRIADO PELA RES CAMEX 571/2024"
"RES";"CAMEX";"272";"2021";"Todos";"";"";"";"Todas";"Todos";"NCM";"30049069";"";"EX LETEC";"0003";"Contendo nilutamida";"";"";"01/04/2024";"31/12/2028";"0";"CRIADO PELA RES CAMEX 571/2024"
"RES";"CAMEX";"272";"2021";"Todos";"";"";"";"Todas";"Todos";"NCM";"30049069";"";"EX LETEC";"0005";"Contendo cloridrato de biperideno";"";"";"01/04/2024";"31/12/2028";"0";"CRIADO PELA RES CAMEX 571/2024"
"RES";"CAMEX";"272";"2021";"Todos";"";"";"";"Todas";"Todos";"NCM";"30049069";"";"EX LETEC";"0006";"Contendo cloridrato de donepezila";"";"";"01/04/2024";"31/12/2028";"0";"CRIADO PELA RES CAMEX 571/2024"
"RES";"CAMEX";"272";"2021";"Todos";"";"";"";"Todas";"Todos";"NCM";"30049069";"";"EX LETEC";"0007";"Contendo cloridrato de triexifenidil";"";"";"01/04/2024";"31/12/2028";"0";"CRIADO PELA RES CAMEX 571/2024"
"RES";"CAMEX";"272";"2021";"Todos";"";"";"";"Todas";"Todos";"NCM";"30049069";"";"EX LETEC";"0010";"Contendo cloridrato dexrazoxano";"";"";"01/04/2024";"31/12/2028";"0";"CRIADO PELA RES CAMEX 571/2024"
"RES";"CAMEX";"272";"2021";"Todos";"";"";"";"Todas";"Todos";"NCM";"30049069";"";"EX LETEC";"0012";"Contendo fluoruracila";"";"";"01/04/2024";"31/12/2028";"0";"CRIADO PELA RES CAMEX 571/2024"
"RES";"CAMEX";"272";"2021";"Todos";"";"";"";"Todas";"Todos";"NCM";"30049069";"";"EX LETEC";"0013";"Contendo risperidona";"";"";"01/04/2024";"31/12/2028";"0";"CRIADO PELA RES CAMEX 571/2024"
"RES";"CAMEX";"272";"2021";"Todos";"";"";"";"Todas";"Todos";"NCM";"30049069";"";"EX LETEC";"0015";"Contendo lamotrigina";"";"";"01/04/2024";"31/12/2028";"0";"CRIADO PELA RES CAMEX 571/2024"
"RES";"CAMEX";"272";"2021";"Todos";"";"";"";"Todas";"Todos";"NCM";"30049069";"";"EX LETEC";"0017";"Contendo clozapina";"";"";"01/04/2024";"31/12/2028";"0";"CRIADO PELA RES CAMEX 571/2024"
"RES";"CAMEX";"272";"2021";"Todos";"";"";"";"Todas";"Todos";"NCM";"30049069";"";"EX LETEC";"0019";"Contendo anastrozol";"";"";"01/04/2024";"31/12/2028";"0";"CRIADO PELA RES CAMEX 571/2024"
"RES";"CAMEX";"272";"2021";"Todos";"";"";"";"Todas";"Todos";"NCM";"30049069";"";"EX LETEC";"0021";"Contendo temozolomida";"";"";"01/04/2024";"31/12/2028";"0";"CRIADO PELA RES CAMEX 571/2024"
"RES";"CAMEX";"272";"2021";"Todos";"";"";"";"Todas";"Todos";"NCM";"30049069";"";"EX LETEC";"0027";"Contendo aripiprazol";"";"";"01/04/2024";"31/12/2028";"0";"CRIADO PELA RES CAMEX 571/2024"
"RES";"CAMEX";"272";"2021";"Todos";"";"";"";"Todas";"Todos";"NCM";"30049069";"";"EX LETEC";"0028";"Contendo deferiprona";"";"";"01/04/2024";"31/12/2028";"0";"CRIADO PELA RES CAMEX 571/2024"
"RES";"CAMEX";"272";"2021";"Todos";"";"";"";"Todas";"Todos";"NCM";"30049069";"";"EX LETEC";"0030";"Contendo ácido zoledrônico";"";"";"01/04/2024";"31/12/2028";"0";"CRIADO PELA RES CAMEX 571/2024"
"RES";"CAMEX";"272";"2021";"Todos";"";"";"";"Todas";"Todos";"NCM";"30049069";"";"EX LETEC";"0031";"Contendo voriconazol";"";"";"01/04/2024";"31/12/2028";"0";"CRIADO PELA RES CAMEX 571/2024"
"RES";"CAMEX";"272";"2021";"Todos";"";"";"";"Todas";"Todos";"NCM";"30049069";"";"EX LETEC";"0033";"Contendo deferasirox";"";"";"01/04/2024";"31/12/2028";"0";"CRIADO PELA RES CAMEX 571/2024"
"RES";"CAMEX";"272";"2021";"Todos";"";"";"";"Todas";"Todos";"NCM";"30049069";"";"EX LETEC";"0034";"Contendo oxcarbazepina";"";"";"01/04/2024";"31/12/2028";"0";"CRIADO PELA RES CAMEX 571/2024"
"RES";"CAMEX";"272";"2021";"Todos";"";"";"";"Todas";"Todos";"NCM";"30049069";"";"EX LETEC";"0035";"Contendo fosfato de oseltamivir";"";"";"01/04/2024";"31/12/2028";"0";"CRIADO PELA RES CAMEX 571/2024"
"RES";"CAMEX";"272";"2021";"Todos";"";"";"";"Todas";"Todos";"NCM";"30049069";"";"EX LETEC";"0036";"Contendo telaprevir";"";"";"01/04/2024";"31/12/2028";"0";"CRIADO PELA RES CAMEX 571/2024"
"RES";"CAMEX";"272";"2021";"Todos";"";"";"";"Todas";"Todos";"NCM";"30049069";"";"EX LETEC";"0037";"Contendo linagliptina";"";"";"01/04/2024";"31/12/2028";"0";"CRIADO PELA RES CAMEX 571/2024"
"RES";"CAMEX";"272";"2021";"Todos";"";"";"";"Todas";"Todos";"NCM";"30049069";"";"EX LETEC";"0038";"Contendo etexilato de dabigatrana";"";"";"01/04/2024";"31/12/2028";"0";"CRIADO PELA RES CAMEX 571/2024"
"RES";"CAMEX";"272";"2021";"Todos";"";"";"";"Todas";"Todos";"NCM";"30049069";"";"EX LETEC";"0039";"Etravirina";"";"";"01/04/2024";"31/12/2028";"0";"CRIADO PELA RES CAMEX 571/2024"
"RES";"CAMEX";"272";"2021";"Todos";"";"";"";"Todas";"Todos";"NCM";"30049069";"";"EX LETEC";"0040";"Ibrutinibe";"";"";"01/04/2024";"31/12/2028";"0";"CRIADO PELA RES CAMEX 571/2024"
"RES";"CAMEX";"272";"2021";"Todos";"";"";"";"Todas";"Todos";"NCM";"30049069";"";"EX LETEC";"0041";"Cloridrato de Nilotinibe";"";"";"01/04/2024";"31/12/2028";"0";"CRIADO PELA RES CAMEX 571/2024"
"RES";"CAMEX";"272";"2021";"Todos";"";"";"";"Todas";"Todos";"NCM";"30049069";"";"EX LETEC";"0042";"Dicloridrato de sapropterina destinada ao tratamento de fenilcetonúria";"";"";"01/04/2024";"31/12/2028";"0";"CRIADO PELA RES CAMEX 571/2024"
"RES";"CAMEX";"272";"2021";"Todos";"";"";"";"Todas";"Todos";"NCM";"30049069";"";"EX LETEC";"0046";"Contendo dipirona";"";"";"01/04/2024";"31/12/2028";"0";"CRIADO PELA RES CAMEX 571/2024"
"RES";"CAMEX";"272";"2021";"Todos";"";"";"";"Todas";"Todos";"NCM";"30049069";"";"EX LETEC";"0047";"Contendo fentanilo";"";"";"01/04/2024";"31/12/2028";"0";"CRIADO PELA RES CAMEX 571/2024"
"RES";"CAMEX";"272";"2021";"Todos";"";"";"";"Todas";"Todos";"NCM";"30049069";"";"EX LETEC";"0048";"Contendo haloperidol";"";"";"01/04/2024";"31/12/2028";"0";"CRIADO PELA RES CAMEX 571/2024"
"RES";"CAMEX";"272";"2021";"Todos";"";"";"";"Todas";"Todos";"NCM";"30049069";"";"EX LETEC";"0049";"Contendo lorazepam";"";"";"01/04/2024";"31/12/2028";"0";"CRIADO PELA RES CAMEX 571/2024"
"RES";"CAMEX";"272";"2021";"Todos";"";"";"";"Todas";"Todos";"NCM";"30049069";"";"EX LETEC";"0050";"Contendo midazolam ou seus sais";"";"";"01/04/2024";"31/12/2028";"0";"CRIADO PELA RES CAMEX 571/2024"
"RES";"CAMEX";"272";"2021";"Todos";"";"";"";"Todas";"Todos";"NCM";"30049069";"";"EX LETEC";"0051";"Contendo etomidato";"";"";"01/04/2024";"31/12/2028";"0";"CRIADO PELA RES CAMEX 571/2024"
"RES";"CAMEX";"272";"2021";"Todos";"";"";"";"Todas";"Todos";"NCM";"30049069";"";"EX LETEC";"0052";"Contendo ciprofloxacino 500 mg";"";"";"01/04/2024";"31/12/2028";"0";"CRIADO PELA RES CAMEX 571/2024"
"RES";"CAMEX";"272";"2021";"Todos";"";"";"";"Todas";"Todos";"NCM";"30049069";"";"EX LETEC";"0053";"Contendo lactato de milrinona";"";"";"01/04/2024";"31/12/2028";"0";"CRIADO PELA RES CAMEX 571/2024"
"RES";"CAMEX";"272";"2021";"Todos";"";"";"";"Todas";"Todos";"NCM";"30049069";"";"EX LETEC";"0054";"Contendo flumazenil";"";"";"01/04/2024";"31/12/2028";"0";"CRIADO PELA RES CAMEX 571/2024"
"RES";"CAMEX";"272";"2021";"Todos";"";"";"";"Todas";"Todos";"NCM";"30049069";"";"EX LETEC";"0055";"Contendo cloridrato de dexmedetomidine";"";"";"01/04/2024";"31/12/2028";"0";"CRIADO PELA RES CAMEX 571/2024"
"RES";"CAMEX";"272";"2021";"Todos";"";"";"";"Todas";"Todos";"NCM";"30049069";"";"EX LETEC";"0056";"Contendo carvedilol";"";"";"01/04/2024";"31/12/2028";"0";"CRIADO PELA RES CAMEX 571/2024"
"RES";"CAMEX";"272";"2021";"Todos";"";"";"";"Todas";"Todos";"NCM";"30049069";"";"EX LETEC";"0057";"Contendo captopril";"";"";"01/04/2024";"31/12/2028";"0";"CRIADO PELA RES CAMEX 571/2024"
"RES";"CAMEX";"272";"2021";"Todos";"";"";"";"Todas";"Todos";"NCM";"30049069";"";"EX LETEC";"0058";"Contendo fenobarbital sódico";"";"";"01/04/2024";"31/12/2028";"0";"CRIADO PELA RES CAMEX 571/2024"
"RES";"CAMEX";"272";"2021";"Todos";"";"";"";"Todas";"Todos";"NCM";"30049069";"";"EX LETEC";"0059";"Contendo fenobarbital";"";"";"01/04/2024";"31/12/2028";"0";"CRIADO PELA RES CAMEX 571/2024"
"RES";"CAMEX";"272";"2021";"Todos";"";"";"";"Todas";"Todos";"NCM";"30049069";"";"EX LETEC";"0060";"Contendo besilato de anlodipino";"";"";"01/04/2024";"31/12/2028";"0";"CRIADO PELA RES CAMEX 571/2024"
"RES";"CAMEX";"272";"2021";"Todos";"";"";"";"Todas";"Todos";"NCM";"30049069";"";"EX LETEC";"0061";"Contendo fluconazol";"";"";"01/04/2024";"31/12/2028";"0";"CRIADO PELA RES CAMEX 571/2024"
"RES";"CAMEX";"272";"2021";"Todos";"";"";"";"Todas";"Todos";"NCM";"30049069";"";"EX LETEC";"0062";"Contendo cloridrato de hidralazina";"";"";"01/04/2024";"31/12/2028";"0";"CRIADO PELA RES CAMEX 571/2024"
"RES";"CAMEX";"272";"2021";"Todos";"";"";"";"Todas";"Todos";"NCM";"30049069";"";"EX LETEC";"0063";"Contendo clonazepam";"";"";"01/04/2024";"31/12/2028";"0";"CRIADO PELA RES CAMEX 571/2024"
"RES";"CAMEX";"272";"2021";"Todos";"";"";"";"Todas";"Todos";"NCM";"30049069";"";"EX LETEC";"0064";"Contendo cloridrato de clonidina";"";"";"01/04/2024";"31/12/2028";"0";"CRIADO PELA RES CAMEX 571/2024"
"RES";"CAMEX";"272";"2021";"Todos";"";"";"";"Todas";"Todos";"NCM";"30049069";"";"EX LETEC";"0065";"Contendo maleato de dexclorfeniramina";"";"";"01/04/2024";"31/12/2028";"0";"CRIADO PELA RES CAMEX 571/2024"
"RES";"CAMEX";"272";"2021";"Todos";"";"";"";"Todas";"Todos";"NCM";"30049069";"";"EX LETEC";"0066";"Contendo levosimendana";"";"";"01/04/2024";"31/12/2028";"0";"CRIADO PELA RES CAMEX 571/2024"
"RES";"CAMEX";"272";"2021";"Todos";"";"";"";"Todas";"Todos";"NCM";"30049069";"";"EX LETEC";"0067";"Contendo atracúrio";"";"";"01/04/2024";"31/12/2028";"0";"CRIADO PELA RES CAMEX 571/2024"
"RES";"CAMEX";"272";"2021";"Todos";"";"";"";"Todas";"Todos";"NCM";"30049069";"";"EX LETEC";"0068";"Dicloridrato de sapropterina";"";"";"01/04/2024";"31/12/2028";"0";"CRIADO PELA RES CAMEX 571/2024"
"RES";"CAMEX";"272";"2021";"Todos";"";"";"";"Todas";"Todos";"NCM";"30049069";"";"EX LETEC";"0069";"Contendo apixabana";"";"";"01/04/2024";"31/12/2028";"0";"CRIADO PELA RES CAMEX 571/2024"
"RES";"CAMEX";"272";"2021";"Todos";"";"";"";"Todas";"Todos";"NCM";"30049069";"";"EX LETEC";"0070";"Contendo dabigatrana";"";"";"01/04/2024";"31/12/2028";"0";"CRIADO PELA RES CAMEX 571/2024"
"RES";"CAMEX";"272";"2021";"Todos";"";"";"";"Todas";"Todos";"NCM";"30049069";"";"EX LETEC";"0071";"Contendo etossuximida";"";"";"01/04/2024";"31/12/2028";"0";"CRIADO PELA RES CAMEX 571/2024"
"RES";"CAMEX";"272";"2021";"Todos";"";"";"";"Todas";"Todos";"NCM";"30049069";"";"EX LETEC";"0072";"Contendo pancurônio";"";"";"01/04/2024";"31/12/2028";"0";"CRIADO PELA RES CAMEX 571/2024"
"RES";"CAMEX";"272";"2021";"Todos";"";"";"";"Todas";"Todos";"NCM";"30049069";"";"EX LETEC";"0073";"Contendo vecurônio";"";"";"01/04/2024";"31/12/2028";"0";"CRIADO PELA RES CAMEX 571/2024"
"RES";"CAMEX";"272";"2021";"Todos";"";"";"";"Todas";"Todos";"NCM";"30049069";"";"EX LETEC";"0074";"Cloridrato de trazodona, de liberação prolongada.";"";"";"01/04/2024";"31/12/2028";"0";"CRIADO PELA RES CAMEX 571/2024"
"RES";"CAMEX";"272";"2021";"Todos";"";"";"";"Todas";"Todos";"NCM";"30049069";"";"EX LETEC";"0075";"Contendo cisatracúrio e seus sais";"";"";"01/04/2024";"31/12/2028";"0";"CRIADO PELA RES CAMEX 571/2024"
"RES";"CAMEX";"272";"2021";"Todos";"";"";"";"Todas";"Todos";"NCM";"30049069";"";"EX LETEC";"0076";"Contendo remifentanilo";"";"";"01/04/2024";"31/12/2028";"0";"CRIADO PELA RES CAMEX 571/2024"
"RES";"CAMEX";"272";"2021";"Todos";"";"";"";"Todas";"Todos";"NCM";"30049069";"";"EX LETEC";"0077";"Contendo alfentanilo";"";"";"01/04/2024";"31/12/2028";"0";"CRIADO PELA RES CAMEX 571/2024"
"RES";"CAMEX";"272";"2021";"Todos";"";"";"";"Todas";"Todos";"NCM";"30049069";"";"EX LETEC";"0078";"Contendo dexmedetomidina";"";"";"01/04/2024";"31/12/2028";"0";"CRIADO PELA RES CAMEX 571/2024"
"RES";"CAMEX";"272";"2021";"Todos";"";"";"";"Todas";"Todos";"NCM";"30049069";"";"EX LETEC";"0079";"Tosilato de sorafenibe";"";"";"01/04/2024";"31/12/2028";"0";"CRIADO PELA RES CAMEX 571/2024"
"RES";"CAMEX";"272";"2021";"Todos";"";"";"";"Todas";"Todos";"NCM";"30049069";"";"EX LETEC";"0080";"Contendo regorafenibe";"";"";"01/04/2024";"31/12/2028";"0";"CRIADO PELA RES CAMEX 571/2024"
"RES";"CAMEX";"272";"2021";"Todos";"";"";"";"Todas";"Todos";"NCM";"30049069";"";"EX LETEC";"0081";"Contendo lenalidomida";"";"";"01/04/2024";"31/12/2028";"0";"CRIADO PELA RES CAMEX 571/2024"
"RES";"CAMEX";"272";"2021";"Todos";"";"";"";"Todas";"Todos";"NCM";"30049069";"";"EX LETEC";"0082";"Contendo Upadacitinibe";"";"";"01/04/2024";"31/12/2028";"0";"CRIADO PELA RES CAMEX 571/2024"
"RES";"CAMEX";"272";"2021";"Todos";"";"";"";"Todas";"Todos";"NCM";"30049069";"";"EX LETEC";"0083";"Contendo bosutinibe";"";"";"01/04/2024";"31/12/2028";"0";"CRIADO PELA RES CAMEX 571/2024"
"RES";"CAMEX";"272";"2021";"Todos";"";"";"";"Todas";"Todos";"NCM";"30049069";"";"EX LETEC";"0084";"Contendo crizotinibe";"";"";"01/04/2024";"31/12/2028";"0";"CRIADO PELA RES CAMEX 571/2024"
"RES";"CAMEX";"272";"2021";"Todos";"";"";"";"Todas";"Todos";"NCM";"30049069";"";"EX LETEC";"0085";"Contendo eltrombopague olamina";"";"";"01/04/2024";"31/12/2028";"0";"CRIADO PELA RES CAMEX 571/2024"
"RES";"CAMEX";"272";"2021";"Todos";"";"";"";"Todas";"Todos";"NCM";"30049019";"";"";"";"";"";"";"31/12/2022";"31/12/2028";"0";"CRIADO PELA RES CAMEX 437/2022"
"RES";"CAMEX";"272";"2021";"Todos";"";"";"";"Todas";"Todos";"NCM";"30049099";"";"EX LETEC";"0026";"Solução de cloreto de sódio (concentração de 0,9%), em sistema fechado e apresentada em bolsas de PVC";"";"";"01/06/2024";"31/12/2028";"0";"CRIADO PELA RES CAMEX 596/2024"
"RES";"CAMEX";"272";"2021";"Todos";"";"";"";"Todas";"Todos";"NCM";"90189099";"";"EX LETEC";"0051";"Pinças seladoras e divisoras laparoscópicas descartáveis, de metal e plástico, para corte e selagem de vasos arteriais e venosos, de uso exclusivo em sistemas endoscópicos de eletro cirurgia, com energia bipolar avançada, com: diâmetro de 5 mm ou 10 mm, comprimento de 200 mm, 230 mm, 370 mm ou 420mm, parte ativa reta ou curva, compostos por: conjunto haste, anel giratório, empunhadura e botão de ativação, de uso único acondicionadas em embalagem estéril";"";"";"27/06/2024";"31/12/2028";"0";"CRIADO PELA RES GECEX 605/2024"
"RES";"CAMEX";"272";"2021";"Todos";"";"";"";"Todas";"Todos";"NCM";"38221990";"";"";"";"";"";"";"27/06/2024";"31/12/2028";"0";"CRIADO PELA RES GECEX 605/2024"
"RES";"CAMEX";"272";"2021";"Todos";"";"";"";"Todas";"Todos";"NCM";"30049049";"";"EX LETEC";"0002";"Contendo pomalidomida";"";"";"27/06/2024";"31/12/2028";"0";"CRIADO PELA RES GECEX 605/2024"
"RES";"CAMEX";"272";"2021";"Todos";"";"";"";"Todas";"Todos";"NCM";"30049069";"";"EX LETEC";"0093";"Contendo mavacanteno";"";"";"27/06/2024";"31/12/2028";"0";"CRIADO PELA RES GECEX 605/2024"
"RES";"CAMEX";"272";"2021";"Todos";"";"";"";"Todas";"Todos";"NCM";"30049069";"";"EX LETEC";"0094";"Contendo darolutamida";"";"";"27/06/2024";"31/12/2028";"0";"CRIADO PELA RES GECEX 605/2024"
"RES";"CAMEX";"272";"2021";"Todos";"";"";"";"Todas";"Todos";"NCM";"30049099";"";"EX LETEC";"0063";"Solução viscoelástica para preenchimento intra-articular, constituída por hialuronato de sódio, levemente reticulado, em solução salina de fosfato tamponado, apresentada em seringa descartável, na concentração de 22 mg/ml, para uso único a cada 6 meses";"";"";"15/07/2024";"31/12/2028";"0";"CRIADO PELA RES CAMEX 617/2024"
"RES";"CAMEX";"272";"2021";"Todos";"";"";"";"Todas";"Todos";"NCM";"85045090";"";"EX LETEC";"0002";"- Bobinas de auto-indução (indutores) ou bobinas de reatância, em miniatura, concebidas para serem utilizadas em placas de circuito impresso, para montagem em superfície (SMD) ou em furos (PTH).";"";"";"15/07/2024";"31/12/2028";"0";"CRIADO PELA RES CAMEX 617/2024"
"RES";"CAMEX";"272";"2021";"Todos";"";"";"";"Todas";"Todos";"NCM";"85045090";"";"EX LETEC";"0003";"- Bobinas de reatância (reatores) saturáveis, para válvulas de tiristores, próprias para uso interno em sistemas de transmissão de corrente contínua de alta tensão (HVDC) com tensão de 600 Kv";"";"";"15/07/2024";"31/12/2028";"0";"CRIADO PELA RES CAMEX 617/2024"
"RES";"CAMEX";"272";"2021";"Todos";"";"";"";"Todas";"Todos";"NCM";"90189099";"";"EX LETEC";"0052";"Torres de vídeo concebidas especialmente para sistemas robóticos completos de cirurgias assistidas, compostas por câmera de vídeo 3DHD, um computador que funciona como o gerenciador de dados de comunicação entre o console do cirurgião e os braços robóticos e um sistema de gravação e gerenciamento de imagem denominado DS1, também utilizadas como suporte do endoscópio durante uma laparoscopia, para visualização laparoscópica padrão e para eletrocirurgia";"";"";"15/07/2024";"31/12/2028";"0";"CRIADO PELA RES CAMEX 617/2024"
"RES";"CAMEX";"272";"2021";"Todos";"";"";"";"Todas";"Todos";"NCM";"90189099";"";"EX LETEC";"0053";"Gerador de Ablação de Campo Pulsado";"";"";"25/09/2024";"31/12/2028";"0";"CRIADO PELA RES GECEX 640/2024"
"RES";"CAMEX";"272";"2021";"Todos";"";"";"";"Todas";"Todos";"NCM";"90189099";"";"EX LETEC";"0055";"Conjunto de dispositivos, composto por: fraco de pó de polietilenoglicol de 1 g, adaptador de frasco, seringa com solução tampão de trilisina diluente, seringa de solução tampão de sal aceleradora, conector em Y, suporte das seringas, tampa dos êmbolos e agulha de 18G x 15 cm, com conector marcado, acondicionado em embalagem de uso único, utilizado para a preparação de sistema introdutor de um espaçador de hidrogel perirretal absorvível sintético, destinado a posicionar temporariamente a parede retal anterior longe da próstata durante a radioterapia para cancro da próstata";"";"";"25/09/2024";"31/12/2028";"0";"CRIADO PELA RES GECEX 640/2024"
"RES";"CAMEX";"272";"2021";"Todos";"";"";"";"Todas";"Todos";"NCM";"90189099";"";"EX LETEC";"0054";"Gerador que utiliza corrente de radiofrequência para gerar energia térmica na forma de vapor de água, a ser injetado na zona de transição e/ou no lobomediano do tecido prostático em doses controladas de 9 segundos, destinado ao tratamento da hiperplasia prostática benigna (BPH)";"";"";"25/09/2024";"31/12/2028";"0";"CRIADO PELA RES GECEX 640/2024"
"RES";"CAMEX";"272";"2021";"Todos";"";"";"";"Todas";"Todos";"NCM";"39069054";"";"";"";"";"";"";"21/10/2024";"31/12/2028";"8";"CRIADO PELA RES GECEX 655/2024"
"RES";"CAMEX";"272";"2021";"Todos";"";"";"";"Todas";"Todos";"NCM";"39081026";"";"";"";"";"";"";"13/11/2024";"14/10/2025";"20";"CRIADO PELA RES GECEX 666/2024"
"RES";"CAMEX";"272";"2021";"Todos";"";"";"";"Todas";"Todos";"NCM";"30049069";"";"EX LETEC";"0096";"Contendo apalutamida";"";"";"13/11/2024";"31/12/2028";"0";"CRIADO PELA RES GECEX 666/2024"
"RES";"CAMEX";"272";"2021";"Todos";"";"";"";"Todas";"Todos";"NCM";"30049069";"";"EX LETEC";"0097";"Contendo levomalato de cabozantinibe";"";"";"13/11/2024";"31/12/2028";"0";"CRIADO PELA RES GECEX 666/2024"
"RES";"CAMEX";"272";"2021";"Todos";"";"";"";"Todas";"Todos";"NCM";"30049099";"";"EX LETEC";"0064";"Contendo ciclossilicato de zircônio sódico";"";"";"13/11/2024";"31/12/2028";"0";"CRIADO PELA RES GECEX 666/2024"
"RES";"CAMEX";"272";"2021";"Todos";"";"";"";"Todas";"Todos";"NCM";"30049069";"";"EX LETEC";"0098";"Contendo riociguate";"";"";"18/12/2024";"31/12/2028";"0";"CRIADO PELA RES GECEX 684/2024"
"RES";"CAMEX";"272";"2021";"Todos";"";"";"";"Todas";"Todos";"NCM";"39046190";"";"";"";"";"";"";"01/01/2025";"31/12/2025";"5,4";"CRIADO PELA RES GECEX 684/2024"
"RES";"CAMEX";"272";"2021";"Todos";"";"";"";"Todas";"Todos";"NCM";"30049069";"";"EX LETEC";"0099";"Contendo Cloridrato de Asciminibe";"";"";"26/02/2025";"31/12/2028";"0";"CRIADO PELA RES GECEX 705/2025"
"RES";"CAMEX";"272";"2021";"Todos";"";"";"";"Todas";"Todos";"NCM";"29225099";"";"EX LETEC";"9999";"Treonina";"";"";"01/03/2025";"31/12/2028";"10,8";"CRIADO PELA RES GECEX 705/2025"
"RES";"CAMEX";"272";"2021";"Todos";"";"";"";"Todas";"Todos";"NCM";"29225099";"";"EX LETEC";"0002";"Outros, exceto treonina";"";"";"01/03/2025";"31/12/2028";"0";"CRIADO PELA RES GECEX 705/2025"
"RES";"CAMEX";"272";"2021";"Todos";"";"";"";"Todas";"Todos";"NCM";"29339919";"";"EX LETEC";"9999";"Triptofano";"";"";"01/03/2025";"28/02/2027";"10,8";"CRIADO PELA RES GECEX 705/2025"
"RES";"CAMEX";"272";"2021";"Todos";"";"";"";"Todas";"Todos";"NCM";"29339919";"";"EX LETEC";"0002";"Outros, exceto Triptofano";"";"";"01/03/2025";"28/02/2027";"0";"CRIADO PELA RES GECEX 705/2025"
"RES";"CAMEX";"272";"2021";"Todos";"";"";"";"Todas";"Todos";"NCM";"02023000";"";"";"";"";"";"";"14/03/2025";"31/12/2028";"0";"CRIADO PELA RES GECEX 709/2025"
"RES";"CAMEX";"272";"2021";"Todos";"";"";"";"Todas";"Todos";"NCM";"09011110";"";"";"";"";"";"";"14/03/2025";"31/12/2028";"0";"CRIADO PELA RES GECEX 709/2025"
"RES";"CAMEX";"272";"2021";"Todos";"";"";"";"Todas";"Todos";"NCM";"09012100";"";"EX LETEC";"XXXX";"Não se enquadra em outra opção";"";"";"14/03/2025";"31/12/2028";"";"CRIADO PELA RES GECEX 709/2025"
"RES";"CAMEX";"272";"2021";"Todos";"";"";"";"Todas";"Todos";"NCM";"09012100";"";"EX LETEC";"0001";"Café torrado, não descafeinado, em grão ou moído, não acondicionado em cápsulas";"";"";"14/03/2025";"31/12/2028";"0";"CRIADO PELA RES GECEX 709/2025"
"RES";"CAMEX";"272";"2021";"Todos";"";"";"";"Todas";"Todos";"NCM";"10059010";"";"";"";"";"";"";"14/03/2025";"31/12/2028";"0";"CRIADO PELA RES GECEX 709/2025"
"RES";"CAMEX";"272";"2021";"Todos";"";"";"";"Todas";"Todos";"NCM";"15092000";"";"";"";"";"";"";"14/03/2025";"31/12/2028";"0";"CRIADO PELA RES GECEX 709/2025"
"RES";"CAMEX";"272";"2021";"Todos";"";"";"";"Todas";"Todos";"NCM";"15121110";"";"";"";"";"";"";"14/03/2025";"31/12/2028";"0";"CRIADO PELA RES GECEX 709/2025"
"RES";"CAMEX";"272";"2021";"Todos";"";"";"";"Todas";"Todos";"NCM";"17011400";"";"";"";"";"";"";"14/03/2025";"31/12/2028";"0";"CRIADO PELA RES GECEX 709/2025"
"RES";"CAMEX";"272";"2021";"Todos";"";"";"";"Todas";"Todos";"NCM";"19021900";"";"";"";"";"";"";"14/03/2025";"31/12/2028";"0";"CRIADO PELA RES GECEX 709/2025"
"RES";"CAMEX";"272";"2021";"Todos";"";"";"";"Todas";"Todos";"NCM";"19059020";"";"";"";"";"";"";"14/03/2025";"31/12/2028";"0";"CRIADO PELA RES GECEX 709/2025"
"RES";"CAMEX";"272";"2021";"Todos";"";"";"";"Todas";"Todos";"NCM";"30049079";"";"EX LETEC";"0054";"Contendo givosirana sódica";"";"";"11/04/2025";"31/12/2028";"0";"CRIADO PELA RES GECEX 714/2025"
"RES";"CAMEX";"272";"2021";"Todos";"";"";"";"Todas";"Todos";"NCM";"30049079";"";"EX LETEC";"0055";"Contendo patisirana sódica";"";"";"11/04/2025";"31/12/2028";"0";"CRIADO PELA RES GECEX 714/2025"
"RES";"CAMEX";"272";"2021";"Todos";"";"";"";"Todas";"Todos";"NCM";"90189099";"";"EX LETEC";"0056";"Instrumentos cirúrgicos (pinças de apreensão, pinças de energia bipolar, pinças de energia bipolar avançada, pinças de energia monopolar pinças de cauterização, pinças seladoras, pinças aplicadoras de clip, pinças retratoras, tesouras, grampeadores, cargas de grampeadores, obturadores, irrigadores de sucção, cânulas, vedantes de cânulas, drapes, redutores e endoscópios) de uso exclusivo nos sistemas cirúrgicos robóticos.";"";"";"11/04/2025";"31/12/2028";"0";"CRIADO PELA RES GECEX 714/2025"
"RES";"CAMEX";"272";"2021";"Todos";"";"";"";"Todas";"Todos";"NCM";"30049079";"";"EX LETEC";"0056";"Contendo inclisirana sódica";"";"";"29/05/2025";"31/12/2028";"0";"CRIADO PELA RES GECEX 736/2025"
"RES";"CAMEX";"272";"2021";"Todos";"";"";"";"Todas";"Todos";"NCM";"30049049";"";"EX LETEC";"0004";"Contendo omaveloxolona";"";"";"29/05/2025";"31/12/2028";"0";"CRIADO PELA RES GECEX 736/2025"
"RES";"CAMEX";"272";"2021";"Todos";"";"";"";"Todas";"Todos";"NCM";"85045090";"";"EX LETEC";"XXXX";"Não se enquadra em outra opção";"";"";"15/07/2024";"31/12/2028";"";"CRIADO PELA RES CAMEX 617/2024"
"RES";"CAMEX";"272";"2021";"Todos";"";"";"";"Todas";"Todos";"NCM";"30049099";"";"EX LETEC";"0065";"Solução aquosa de cloreto de sódio a 0,9%, estéril, apresentada em doses de 3 ml, 5 ml ou 10 ml, acondicionada em seringa descartável - com interior estéril, diâmetro idêntico ao da seringa convencional de 10 ml, comprimento variável de acordo com o volume de solução salina e êmbolo projetado para evitar o refluxo de sangue induzido - destinada a ser injetada no acesso vascular do paciente para manter a permeabilidade de dispositivos de administração de soluções intravenosas, tais como cânulas, cateteres e outros dispositivos semelhantes.";"";"";"10/07/2025";"31/12/2028";"0";"INCLUÍDO PELA RES GECEX 756/2025"
"RES";"CAMEX";"272";"2021";"Todos";"";"";"";"Todas";"Todos";"NCM";"29314914";"";"";"";"";"";"";"15/08/2025";"14/08/2027";"3,8";"INCLUÍDO PELA RES GECEX 770/2025"
"RES";"CAMEX";"272";"2021";"Todos";"";"";"";"Todas";"Todos";"NCM";"47071000";"";"";"";"";"";"";"01/08/2025";"31/07/2026";"18";"INCLUÍDO PELA RES GECEX 770/2025"
"RES";"CAMEX";"272";"2021";"Todos";"";"";"";"Todas";"Todos";"NCM";"47079000";"";"";"";"";"";"";"01/08/2025";"31/07/2026";"18";"INCLUÍDO PELA RES GECEX 770/2025"
"RES";"CAMEX";"272";"2021";"Todos";"";"";"";"Todas";"Todos";"NCM";"40012200";"";"";"";"";"";"";"29/08/2025";"28/08/2027";"10,8";"CRIADO PELA RES GECEX 779/2025"
"RES";"CAMEX";"272";"2021";"Todos";"";"";"";"Todas";"Todos";"NCM";"40012920";"";"";"";"";"";"";"29/08/2025";"28/08/2027";"10,8";"CRIADO PELA RES GECEX 779/2025"
